,Pos,Player,Team,Auction Value,Upside,Downside,Exp_PTS,Hi_PTS,Lo_PTS
102,RB,Saquon Barkley,NYG,49.99503722084369,7.176178660049638,-5.210918114143923,273.7,297.8,256.2
103,RB,Ezekiel Elliott,DAL,46.18362282878413,10.630272952853616,-8.754342431761785,260.9,296.6,231.5
104,RB,Christian McCaffrey,CAR,43.890818858560806,9.766749379652614,-5.836228287841192,253.2,286.0,233.6
105,RB,Alvin Kamara,NO,42.72952853598017,5.270471464019851,-1.3697270471464094,249.3,267.0,244.7
785,QB,Patrick Mahomes,KC,41.77667493796528,6.99751861042184,-2.828784119106701,339.6,363.1,330.1
786,QB,Deshaun Watson,HOU,35.82133995037223,5.98511166253101,-3.126550868486354,319.6,339.7,309.1
2644,WR,Julio Jones,ATL,35.25558312655089,3.0669975186104184,-3.8709677419354858,205.9,216.2,192.9
2645,WR,DeAndre Hopkins,HOU,35.047146401985124,4.585607940446654,-4.287841191066993,205.2,220.6,190.8
2646,WR,Davante Adams,GB,34.600496277915646,3.6327543424317685,-3.0967741935483817,203.7,215.9,193.3
787,QB,Aaron Rodgers,GB,33.439205955335005,8.099255583126551,-3.8709677419354858,311.6,338.8,298.6
788,QB,Andrew Luck,IND,33.29032258064518,6.4317617866004895,-3.573200992555833,311.1,332.7,299.1
2647,WR,Tyreek Hill,KC,32.724565756823836,3.8114143920595502,-8.069478908188588,197.4,210.2,170.3
106,RB,David Johnson,ARI,32.33746898263029,9.588089330024815,-5.657568238213402,214.4,246.6,195.4
107,RB,Le'Veon Bell,NYJ,31.831265508684876,9.707196029776686,-6.223325062034736,212.7,245.3,191.8
108,RB,Melvin Gordon,LAC,31.23573200992557,12.297766749379662,-7.027295285359803,210.7,252.0,187.1
789,QB,Matt Ryan,ATL,30.72952853598016,2.322580645161295,0.11910669975185433,302.5,310.3,302.9
109,RB,James Conner,PIT,30.66997518610424,2.1439205955334963,-1.399503722084373,208.8,216.0,204.1
2648,WR,JuJu Smith-Schuster,PIT,30.521091811414408,4.55583126550869,-4.883374689826307,190.0,205.3,173.6
790,QB,Cam Newton,CAR,30.312655086848654,6.521091811414388,-0.4466501240694791,301.1,323.0,299.6
110,RB,Joe Mixon,CIN,29.86600496277917,6.640198511166259,-4.466501240694791,206.1,228.4,191.1
2649,WR,Mike Evans,TB,29.240694789081896,4.317617866004965,-3.2158808933002447,185.7,200.2,174.9
111,RB,Todd Gurley,LAR,29.181141439205973,11.672456575682384,-7.980148883374697,203.8,243.0,177.0
2135,TE,Travis Kelce,KC,29.18114143920597,5.002481389578161,-5.18114143920596,176.9,193.7,159.5
2650,WR,Antonio Brown,OAK,29.00248138957818,3.0074441687344913,-2.322580645161295,184.9,195.0,177.1
2651,WR,Michael Thomas,NO,28.73449131513649,5.925558312655092,-4.674937965260545,184.0,203.9,168.3
2652,WR,Odell Beckham Jr.,CLE,28.228287841191083,7.890818858560798,-8.605459057071966,182.3,208.8,153.4
112,RB,Dalvin Cook,MIN,27.811414392059564,2.1141439205955415,-2.828784119106701,199.2,206.3,189.7
791,QB,Drew Brees,NO,27.42431761786601,5.330024813895794,-3.8709677419354858,291.4,309.3,278.4
792,QB,Jameis Winston,TB,26.679900744416877,4.883374689826315,-5.121588089330024,288.9,305.3,271.7
113,RB,Derrick Henry,TEN,26.620347394540953,5.657568238213402,-3.7220843672456594,195.2,214.2,182.7
793,QB,Jared Goff,LAR,26.590570719602994,4.496277915632747,-3.9305210918114297,288.6,303.7,275.4
114,RB,Damien Williams,KC,26.441687344913163,5.478908188585613,-4.436724565756828,194.6,213.0,179.7
794,QB,Baker Mayfield,CLE,26.024813895781644,6.908188585607941,-2.888337468982628,286.7,309.9,277.0
795,QB,Dak Prescott,DAL,26.024813895781644,2.6203473945409477,-1.131513647642684,286.7,295.5,282.9
115,RB,Nick Chubb,CLE,25.905707196029795,5.568238213399503,-3.7518610421836316,192.8,211.5,180.2
796,QB,Russell Wilson,SEA,25.84615384615386,10.332506203473947,-2.6799007444168748,286.1,320.8,277.1
797,QB,Carson Wentz,PHI,25.637717121588093,3.573200992555833,-0.3573200992555799,285.4,297.4,284.2
798,QB,Ben Roethlisberger,PIT,25.607940446650137,3.4838709677419337,-1.4590570719603086,285.3,297.0,280.4
799,QB,Lamar Jackson,BAL,24.65508684863525,9.945409429280396,-7.027295285359812,282.1,315.5,258.5
2653,WR,Keenan Allen,LAC,24.3573200992556,4.317617866004965,-2.9181141439206004,169.3,183.8,159.5
116,RB,Leonard Fournette,JAC,23.34491315136477,5.657568238213402,-6.282878411910671,184.2,203.2,163.1
2654,WR,T.Y. Hilton,IND,23.225806451612915,4.258064516129037,-3.751861042183623,165.5,179.8,152.9
800,QB,Tom Brady,NE,22.80893300248139,2.0843672456575693,-1.9354838709677429,275.9,282.9,269.4
117,RB,Chris Carson,SEA,22.540942928039716,11.017369727047152,-3.573200992555833,181.5,218.5,169.5
2655,WR,Adam Thielen,MIN,22.511166253101745,5.925558312655092,-7.265508684863529,163.1,183.0,138.7
801,QB,Kirk Cousins,MIN,22.45161290322581,2.9181141439206004,-3.63275434243176,274.7,284.5,262.5
2656,WR,Julian Edelman,NE,22.392059553349885,1.9057071960297793,-2.9478908188585553,162.7,169.1,152.8
2136,TE,George Kittle,SF,22.124069478908194,4.406947890818864,-6.133995037220845,153.2,168.0,132.6
2657,WR,A.J. Green,CIN,21.79652605459058,5.151364764267996,-2.3225806451612865,160.7,178.0,152.9
802,QB,Mitch Trubisky,CHI,21.766749379652605,2.3523573200992667,-2.888337468982628,272.4,280.3,262.7
803,QB,Philip Rivers,LAC,21.409429280397028,3.6625310173697323,-2.769230769230774,271.2,283.5,261.9
118,RB,Marlon Mack,IND,21.260545905707204,3.6327543424317685,-1.5186104218362273,177.2,189.4,172.1
804,QB,Kyler Murray,ARI,20.962779156327546,7.92059553349877,-17.53846153846154,269.7,296.3,210.8
119,RB,Aaron Jones,GB,20.87344913151366,2.203473945409432,-3.1861042183622894,175.9,183.3,165.2
2658,WR,Brandin Cooks,LAR,20.45657568238214,2.828784119106701,-4.942928039702234,156.2,165.7,139.6
120,RB,Devonta Freeman,ATL,20.33746898263028,5.955334987593055,-8.18858560794045,174.1,194.1,146.6
2659,WR,Amari Cooper,DAL,20.09925558312656,4.138957816377175,-3.930521091811413,155.0,168.9,141.8
121,RB,Kerryon Johnson,DET,19.980148883374703,3.6029776674937968,-1.6079404466501266,172.9,185.0,167.5
805,QB,Josh Allen,BUF,19.950372208436733,4.496277915632747,-2.263027295285368,266.3,281.4,258.7
122,RB,Josh Jacobs,OAK,19.86104218362284,4.942928039702234,-3.63275434243176,172.5,189.1,160.3
2660,WR,Robert Woods,LAR,19.65260545905708,5.538461538461539,-4.109181141439211,153.5,172.1,139.7
123,RB,Sony Michel,NE,19.05707196029778,11.702233250620347,-10.27295285359802,169.8,209.1,135.3
2661,WR,Stefon Diggs,MIN,18.878411910669985,5.71712158808933,-3.334987593052116,150.9,170.1,139.7
2137,TE,Zach Ertz,PHI,18.491315136476434,4.406947890818864,-1.012406947890821,141.0,155.8,137.6
124,RB,Phillip Lindsay,DEN,18.372208436724577,3.066997518610427,-1.99503722084367,167.5,177.8,160.8
2662,WR,Tyler Lockett,SEA,16.97270471464021,12.595533498759314,-4.674937965260545,144.5,186.8,128.8
2663,WR,Cooper Kupp,LAR,16.228287841191076,4.55583126550869,-2.9776674937965275,142.0,157.3,132.0
2664,WR,Kenny Golladay,DET,16.109181141439212,3.037220843672463,-3.0669975186104184,141.6,151.8,131.3
806,QB,Jimmy Garoppolo,SF,15.305210918114145,14.292803970223332,-3.692307692307687,250.7,298.7,238.3
125,RB,Kenyan Drake,MIA,15.037220843672468,13.101736972704721,-6.401985111662534,156.3,200.3,134.8
2665,WR,Chris Godwin,TB,14.560794044665021,1.81637717121588,-2.3523573200992582,136.4,142.5,128.5
126,RB,David Montgomery,CHI,13.905707196029784,4.1687344913151385,-5.776674937965265,152.5,166.5,133.1
2666,WR,Alshon Jeffery,PHI,13.4590570719603,1.8759305210918158,-1.7866004962779123,132.7,139.0,126.7
127,RB,Mark Ingram,BAL,13.310173697270478,6.610421836228288,-10.004962779156331,150.5,172.7,116.9
2667,WR,Mike Williams,LAC,13.250620347394548,3.0372208436724546,-1.7270471464019852,132.0,142.2,126.2
128,RB,Lamar Miller,HOU,13.191066997518616,4.8238213399503795,-2.2332506203473956,150.1,166.3,142.6
807,QB,Matthew Stafford,DET,13.012406947890822,0.6848635235732047,-2.828784119106701,243.0,245.3,233.5
808,QB,Derek Carr,OAK,12.26799007444169,4.734491315136472,-4.377171215880892,240.5,256.4,225.8
2138,TE,O.J. Howard,TB,12.14888337468983,4.198511166253106,-3.1563275434243216,119.7,133.8,109.1
2668,WR,Robby Anderson,NYJ,11.612903225806457,1.7270471464019894,-1.6972704714640214,126.5,132.3,120.8
2669,WR,Sammy Watkins,KC,11.136476426799014,2.5012406947890846,-2.4416873449131535,124.9,133.3,116.7
2670,WR,Calvin Ridley,ATL,11.076923076923084,5.240694789081891,-4.496277915632759,124.7,142.3,109.6
2671,WR,Tyler Boyd,CIN,10.95781637717122,6.521091811414393,-4.58560794044665,124.3,146.2,108.9
2672,WR,D.J. Moore,CAR,10.719602977667499,2.828784119106701,-2.114143920595533,123.5,133.0,116.4
2673,WR,Allen Robinson,CHI,10.540942928039708,3.573200992555833,-3.3647642679900795,122.9,134.9,111.6
2674,WR,Jarvis Landry,CLE,10.153846153846157,4.079404466501248,-2.888337468982628,121.6,135.3,111.9
2139,TE,Evan Engram,NYG,9.766749379652609,3.126550868486354,-0.7444168734491319,111.7,122.2,109.2
809,QB,Andy Dalton,CIN,9.468982630272953,4.55583126550869,-4.8238213399503715,231.1,246.4,214.9
2140,TE,Jared Cook,NO,9.171215880893303,5.210918114143923,-2.2630272952853634,109.7,127.2,102.1
129,RB,James White,NE,8.87344913151365,4.585607940446654,-7.235732009925561,135.6,151.0,111.3
2675,WR,Dante Pettis,SF,8.754342431761792,3.6923076923076956,-2.143920595533501,116.9,129.3,109.7
810,QB,Sam Darnold,NYJ,8.36724565756824,2.5012406947890846,-0.833746898263031,227.4,235.8,224.6
811,QB,Marcus Mariota,TEN,8.307692307692305,5.717121588089338,-1.6079404466501181,227.2,246.4,221.8
2676,WR,Marvin Jones,DET,8.158808933002486,3.662531017369728,-7.890818858560798,114.9,127.2,88.4
2677,WR,Will Fuller,HOU,8.009925558312661,3.3349875930521073,-5.508684863523576,114.4,125.6,95.9
2141,TE,Hunter Henry,LAC,7.7419354838709715,5.538461538461539,-6.521091811414397,104.9,123.5,83.0
130,RB,Tevin Coleman,SF,7.027295285359807,5.657568238213402,-3.066997518610427,129.4,148.4,119.1
2678,WR,Sterling Shepard,NYG,6.699751861042187,5.746898263027301,-1.8759305210918116,110.0,129.3,103.7
2679,WR,Christian Kirk,ARI,6.580645161290324,5.419354838709681,-6.580645161290324,109.6,127.8,87.5
2680,WR,Corey Davis,TEN,6.401985111662534,2.143920595533501,-1.9057071960297793,109.0,116.2,102.6
812,QB,Nick Foles,JAC,6.163771712158809,6.908188585607941,-8.426799007444176,220.0,243.2,191.7
2681,WR,Dede Westbrook,JAC,5.895781637717124,4.615384615384618,-1.6377171215880901,107.3,122.8,101.8
131,RB,Derrius Guice,WAS,5.3598014888337495,10.153846153846162,-6.4317617866004975,123.8,157.9,102.2
2682,WR,Larry Fitzgerald,ARI,5.09181141439206,1.3697270471464051,-1.5186104218362273,104.6,109.2,99.5
2683,WR,Golden Tate,NYG,5.0322580645161334,1.3399503722084374,-0.8933002481389583,104.4,108.9,101.4
2142,TE,Vance McDonald,PIT,4.764267990074444,1.4292803970223324,-0.6550868486352369,94.9,99.7,92.7
2684,WR,Curtis Samuel,CAR,4.674937965260549,0.8635235732009905,-2.5310173697270484,103.2,106.1,94.7
2685,WR,Courtland Sutton,DEN,4.615384615384618,2.59057071960298,-4.526054590570722,103.0,111.7,87.8
2143,TE,Eric Ebron,IND,4.347394540942928,9.558312655086851,-8.63523573200993,93.5,125.6,64.5
2686,WR,DeSean Jackson,PHI,4.109181141439207,3.483870967741938,-3.8709677419354858,101.3,113.0,88.3
132,RB,Tarik Cohen,CHI,4.019851116625312,5.478908188585608,-6.5508684863523605,119.3,137.7,97.3
2144,TE,David Njoku,CLE,3.7220843672456594,2.2928039702233227,-4.1687344913151385,91.4,99.1,77.4
2687,WR,Mohamed Sanu,ATL,3.5434243176178692,5.776674937965261,-4.22828784119107,99.4,118.8,85.2
133,RB,Peyton Barber,TB,3.2754342431761803,8.754342431761788,-3.9007444168734495,116.8,146.2,103.7
2688,WR,Emmanuel Sanders,DEN,3.1861042183622854,5.746898263027298,-4.734491315136481,98.2,117.5,82.3
134,RB,LeSean McCoy,BUF,3.126550868486354,13.012406947890826,-6.99751861042184,116.3,160.0,92.8
2689,WR,Kenny Stills,MIA,2.8883374689826327,1.7568238213399487,-2.203473945409432,97.2,103.1,89.8
135,RB,Jordan Howard,PHI,2.6799007444168748,3.573200992555833,-3.2456575682382125,114.8,126.8,103.9
2145,TE,Delanie Walker,TEN,1.8759305210918116,3.096774193548386,-1.8163771712158843,85.2,95.6,79.1
2690,WR,Tyrell Williams,OAK,1.8461538461538478,4.019851116625312,-1.9354838709677429,93.7,107.2,87.2
2146,TE,Austin Hooper,ATL,1.6972704714640172,1.0719602977667524,-1.7568238213399487,84.6,88.2,78.7
2691,WR,Michael Gallup,DAL,1.6377171215880901,3.5136476426799015,-3.0669975186104224,93.0,104.8,82.7
2147,TE,Jordan Reed,WAS,1.4888337468982638,7.920595533498761,-2.9776674937965275,83.9,110.5,73.9
2692,WR,Geronimo Allison,GB,1.369727047146401,5.330024813895786,-2.7692307692307696,92.1,110.0,82.8
2693,WR,N'Keal Harry,NE,0.8635235732009947,3.7220843672456594,-4.466501240694791,90.4,102.9,75.4
136,RB,Austin Ekeler,LAC,0.7444168734491319,3.9602977667493806,-3.2754342431761803,108.3,121.6,97.3
2148,TE,Greg Olsen,CAR,0.7444168734491319,3.2754342431761803,-4.823821339950375,81.4,92.4,65.2
137,RB,Rashaad Penny,SEA,0.6253101736972733,4.347394540942928,-5.062034739454097,107.9,122.5,90.9
2694,WR,Marqise Lee,JAC,0.565756823821342,4.40694789081886,-3.513647642679906,89.4,104.2,77.6
2695,WR,Donte Moncrief,PIT,0.565756823821342,5.449131513647645,-5.627791563275439,89.4,107.7,70.5
2149,TE,Jimmy Graham,GB,0.4466501240694791,2.7692307692307696,-4.04962779156328,80.4,89.7,66.8
2696,WR,John Brown,BUF,0.35732009925558417,5.6277915632754345,-7.950372208436729,88.7,107.6,62.0
2697,WR,Ted Ginn,NO,0.32754342431761635,9.111662531017377,-2.9478908188585597,88.6,119.2,78.7
813,QB,Eli Manning,NYG,0.0,6.491315136476425,-5.419354838709685,199.3,221.1,181.1
814,QB,Joe Flacco,DEN,0.0,9.528535980148888,-19.80148883374691,181.5,213.5,115.0
815,QB,Dwayne Haskins,WAS,0.0,10.987593052109188,-8.754342431761788,131.6,168.5,102.2
816,QB,Josh Rosen,MIA,0.0,21.647642679900752,-23.434243176178672,113.5,186.2,34.8
138,RB,Miles Sanders,PHI,0.0,7.622828784119113,-7.176178660049629,105.8,131.4,81.7
139,RB,Latavius Murray,NO,0.0,6.074441687344918,-9.856079404466504,101.3,121.7,68.2
140,RB,Darrell Henderson,LAR,0.0,7.295285359801492,-9.856079404466504,98.3,122.8,65.2
817,QB,Ryan Fitzpatrick,MIA,0.0,20.843672456575693,-23.612903225806466,96.4,166.4,17.1
141,RB,Royce Freeman,DEN,0.0,3.0074441687344913,-2.3225806451612905,91.7,101.8,83.9
142,RB,Ito Smith,ATL,0.0,5.3598014888337495,-3.215880893300253,90.9,108.9,80.1
143,RB,Jerick McKinnon,SF,0.0,5.627791563275439,-4.942928039702234,88.8,107.7,72.2
2698,WR,Devin Funchess,IND,0.0,2.7394540942928063,-5.2406947890818865,87.5,96.7,69.9
144,RB,Ronald Jones II,TB,0.0,5.032258064516129,-6.908188585607944,87.2,104.1,64.0
145,RB,Adrian Peterson,WAS,0.0,10.570719602977672,-8.039702233250626,86.4,121.9,59.4
146,RB,D'Onta Foreman,HOU,0.0,3.9007444168734535,-2.5012406947890806,85.8,98.9,77.4
2699,WR,Robert Foster,BUF,0.0,1.4888337468982638,-2.7096774193548425,85.7,90.7,76.6
2700,WR,DaeSean Hamilton,DEN,0.0,4.853598014888343,-1.3995037220843645,85.6,101.9,80.9
147,RB,Matt Breida,SF,0.0,4.40694789081886,-4.794044665012407,85.5,100.3,69.4
148,RB,Dion Lewis,TEN,0.0,6.014888337468986,-3.0074441687344953,84.7,104.9,74.6
2701,WR,James Washington,PIT,0.0,6.372208436724571,-7.503722084367248,84.6,106.0,59.4
2702,WR,Jamison Crowder,NYJ,0.0,3.573200992555833,-3.1563275434243176,84.6,96.6,74.0
2703,WR,Marquez Valdes-Scantling,GB,0.0,5.151364764267992,-10.868486352357326,83.8,101.1,47.3
2704,WR,Marquise Goodwin,SF,0.0,6.074441687344918,-6.312655086848637,83.1,103.5,61.9
2705,WR,Anthony Miller,CHI,0.0,5.330024813895786,-6.193548387096777,82.3,100.2,61.5
2706,WR,Keke Coutee,HOU,0.0,6.431761786600502,-8.843672456575685,81.8,103.4,52.1
2707,WR,Devante Parker,MIA,0.0,4.436724565756828,-5.538461538461539,81.6,96.5,63.0
149,RB,Nyheim Hines,IND,0.0,3.9900744416873444,-3.8709677419354858,80.9,94.3,67.9
2708,WR,D.K. Metcalf,SEA,0.0,5.806451612903229,-5.657568238213404,80.9,100.4,61.9
2709,WR,Parris Campbell,IND,0.0,6.610421836228288,-3.6625310173697323,80.9,103.1,68.6
2710,WR,Albert Wilson,MIA,0.0,6.133995037220849,-6.342431761786603,80.6,101.2,59.3
150,RB,Jamaal Williams,GB,0.0,5.062034739454097,-4.0496277915632755,79.3,96.3,65.7
2711,WR,Nelson Agholor,PHI,0.0,3.6625310173697323,-5.2704714640198524,79.1,91.4,61.4
2150,TE,Trey Burton,CHI,0.0,1.459057071960296,-1.5186104218362315,78.9,83.8,73.8
151,RB,Jaylen Samuels,PIT,0.0,5.300248138957818,-3.2456575682382125,78.8,96.6,67.9
2712,WR,Marquise Brown,BAL,0.0,7.027295285359807,-7.176178660049629,78.6,102.2,54.5
818,QB,Case Keenum,WAS,0.0,14.411910669975194,-11.553349875930525,78.1,126.5,39.3
2713,WR,Josh Doctson,WAS,0.0,3.1563275434243176,-2.858560794044665,77.5,88.1,67.9
2714,WR,Paul Richardson,WAS,0.0,3.6327543424317645,-7.176178660049632,77.2,89.4,53.1
2151,TE,Kyle Rudolph,MIN,0.0,3.394540942928043,-3.63275434243176,77.1,88.5,64.9
152,RB,Carlos Hyde,KC,0.0,5.389578163771717,-4.913151364764269,76.6,94.7,60.1
2715,WR,Adam Humphries,TEN,0.0,7.32506203473946,-3.2158808933002487,76.3,100.9,65.5
2152,TE,Mark Andrews,BAL,0.0,3.8709677419354858,-2.9478908188585597,76.1,89.1,66.2
153,RB,Chris Thompson,WAS,0.0,13.846153846153854,-5.776674937965265,75.9,122.4,56.5
2716,WR,Quincy Enunwa,NYJ,0.0,2.0248138957816377,-3.1563275434243176,75.5,82.3,64.9
154,RB,Kalen Ballage,MIA,0.0,5.300248138957818,-5.359801488833751,75.4,93.2,57.4
2717,WR,Taylor Gabriel,CHI,0.0,5.032258064516129,-4.22828784119107,75.2,92.1,61.0
155,RB,Jalen Richard,OAK,0.0,5.330024813895786,-6.014888337468984,74.1,92.0,53.9
2153,TE,Jack Doyle,IND,0.0,3.394540942928043,-1.9354838709677429,74.0,85.4,67.5
2718,WR,Zay Jones,BUF,0.0,10.600496277915637,-8.605459057071966,72.4,108.0,43.5
2719,WR,Willie Snead,BAL,0.0,4.853598014888339,-2.560794044665014,72.0,88.3,63.4
156,RB,Duke Johnson,CLE,0.0,4.585607940446654,-3.5136476426799015,71.0,86.4,59.2
157,RB,C.J. Anderson,DET,0.0,5.657568238213402,-10.362282878411914,71.0,90.0,36.2
2720,WR,David Moore,SEA,0.0,7.3548387096774235,-6.014888337468986,70.7,95.4,50.5
2721,WR,Cole Beasley,BUF,0.0,4.466501240694791,-2.8883374689826304,69.6,84.6,59.9
2154,TE,Noah Fant,DEN,0.0,3.9900744416873484,-6.074441687344915,69.5,82.9,49.1
2722,WR,A.J. Brown,TEN,0.0,1.3995037220843645,-1.5186104218362315,69.4,74.1,64.3
2723,WR,Tre'Quan Smith,NO,0.0,5.330024813895786,-3.692307692307694,67.3,85.2,54.9
158,RB,Giovani Bernard,CIN,0.0,3.5136476426799015,-2.947890818858562,67.0,78.8,57.1
2155,TE,T.J. Hockenson,DET,0.0,5.330024813895782,-5.80645161290323,66.9,84.8,47.4
159,RB,Frank Gore,BUF,0.0,4.58560794044665,-4.883374689826307,66.7,82.1,50.3
160,RB,Gus Edwards,BAL,0.0,4.347394540942928,-4.04962779156328,66.4,81.0,52.8
161,RB,Kareem Hunt,CLE,0.0,10.570719602977672,-8.099255583126556,66.2,101.7,39.0
2724,WR,Danny Amendola,DET,0.0,3.0669975186104224,-5.449131513647647,66.2,76.5,47.9
2156,TE,Tyler Eifert,CIN,0.0,4.585607940446654,-4.555831265508687,66.1,81.5,50.8
2725,WR,Randall Cobb,DAL,0.0,4.466501240694791,-2.292803970223325,65.3,80.3,57.6
2726,WR,Breshad Perriman,TB,0.0,8.575682382133998,-5.866004962779158,64.8,93.6,45.1
2727,WR,Deebo Samuel,SF,0.0,9.796526054590572,-10.66004962779157,64.4,97.3,28.6
2157,TE,Jason Witten,DAL,0.0,2.9776674937965275,-2.471464019851119,63.7,73.7,55.4
162,RB,Damien Harris,NE,0.0,9.58808933002482,-5.717121588089333,63.2,95.4,44.0
2158,TE,Chris Herndon IV,NYJ,0.0,3.8709677419354858,-7.652605459057076,63.0,76.0,37.3
2728,WR,Andy Isabella,ARI,0.0,4.317617866004965,-8.06947890818859,63.0,77.5,35.9
2729,WR,Mecole Hardman,KC,0.0,8.724565756823827,-6.967741935483874,61.1,90.4,37.7
2159,TE,Dallas Goedert,PHI,0.0,4.347394540942928,-9.290322580645165,61.0,75.6,29.8
2730,WR,Antonio Callaway,CLE,0.0,15.245657568238222,-7.086848635235735,60.3,111.5,36.5
163,RB,Mike Davis,CHI,0.0,4.40694789081886,-7.205955334987597,58.2,73.0,34.0
164,RB,Theo Riddick,DET,0.0,3.096774193548386,-4.823821339950375,56.7,67.1,40.5
165,RB,T.J. Yeldon,BUF,0.0,8.665012406947895,-7.444168734491319,55.1,84.2,30.1
2160,TE,Darren Waller,OAK,0.0,1.9652605459057086,-2.263027295285361,54.9,61.5,47.3
2731,WR,D.J. Chark,JAC,0.0,7.861042183622832,-6.253101736972708,54.6,81.0,33.6
2732,WR,Trey Quinn,WAS,0.0,4.109181141439207,-2.918114143920596,54.0,67.8,44.2
2733,WR,Rashard Higgins,CLE,0.0,13.369727047146409,-9.736972704714645,53.9,98.8,21.2
2734,WR,John Ross,CIN,0.0,2.9776674937965275,-3.573200992555833,53.6,63.6,41.6
166,RB,Alexander Mattison,MIN,0.0,12.59553349875931,-6.193548387096777,53.0,95.3,32.2
2735,WR,Travis Benjamin,LAC,0.0,3.4540942928039704,-1.4888337468982638,53.0,64.6,48.0
167,RB,Alfred Blue,JAC,0.0,6.878411910669979,-3.8114143920595565,52.6,75.7,39.8
168,RB,Bilal Powell,NYJ,0.0,8.129032258064521,-5.776674937965263,52.4,79.7,33.0
2736,WR,Chris Conley,JAC,0.0,6.133995037220849,-5.032258064516131,50.3,70.9,33.4
2737,WR,Jakeem Grant,MIA,0.0,9.558312655086853,-3.6327543424317645,50.1,82.2,37.9
2738,WR,Demarcus Robinson,KC,0.0,9.528535980148886,-6.699751861042187,49.6,81.6,27.1
2161,TE,Mike Gesicki,MIA,0.0,7.057071960297771,-6.669975186104221,49.5,73.2,27.1
2162,TE,Benjamin Watson,NE,0.0,6.104218362282881,-4.79404466501241,49.0,69.5,32.9
2163,TE,Will Dissly,SEA,0.0,6.937965260545909,-13.339950372208442,48.8,72.1,4.0
169,RB,Devontae Booker,DEN,0.0,4.1985111662531045,-5.687344913151368,48.6,62.7,29.5
2164,TE,Cameron Brate,TB,0.0,8.87344913151365,-2.7096774193548403,48.2,78.0,39.1
2739,WR,Kendrick Bourne,SF,0.0,13.131513647642684,-9.08188585607941,48.2,92.3,17.7
819,QB,Drew Lock,DEN,0.0,18.133995037220853,-11.583126550868492,47.9,108.8,9.0
2165,TE,Vernon Davis,WAS,0.0,2.6799007444168748,-1.8461538461538478,47.0,56.0,40.8
2740,WR,Equanimeous St. Brown,GB,0.0,5.776674937965265,-6.5508684863523605,47.0,66.4,25.0
170,RB,Justin Jackson,LAC,0.0,8.158808933002486,-9.975186104218366,46.8,74.2,13.3
171,RB,Justice Hill,BAL,0.0,12.625310173697278,-5.062034739454097,46.5,88.9,29.5
2741,WR,Phillip Dorsett,NE,0.0,6.967741935483874,-10.511166253101742,45.6,69.0,10.3
2166,TE,Gerald Everett,LAR,0.0,1.9950372208436742,-1.5781637717121588,45.5,52.2,40.2
2742,WR,Chris Hogan,CAR,0.0,6.312655086848637,-8.039702233250624,45.1,66.3,18.1
172,RB,Rex Burkhead,NE,0.0,1.4888337468982638,-0.8933002481389583,44.9,49.9,41.9
173,RB,Doug Martin,OAK,0.0,5.30024813895782,-2.3523573200992565,43.3,61.1,35.4
2167,TE,Jace Sternberger,GB,0.0,5.985111662531021,-3.0669975186104224,42.9,63.0,32.6
2743,WR,Demaryius Thomas,NE,0.0,10.034739454094298,-6.610421836228292,42.7,76.4,20.5
174,RB,Chase Edmonds,ARI,0.0,6.104218362282881,-2.292803970223325,41.9,62.4,34.2
2168,TE,Ian Thomas,CAR,0.0,5.062034739454097,-4.377171215880894,41.3,58.3,26.6
2169,TE,Ricky Seals-Jones,ARI,0.0,5.330024813895786,-7.861042183622832,41.3,59.2,14.9
2744,WR,Josh Reynolds,LAR,0.0,6.997518610421838,-3.960297766749382,41.1,64.6,27.8
175,RB,Elijah McGuire,NYJ,0.0,6.044665012406952,-12.178660049627798,40.9,61.2,0.0
2170,TE,Geoff Swaim,JAC,0.0,5.240694789081889,-6.074441687344917,40.1,57.7,19.7
2745,WR,Terry McLaurin,WAS,0.0,2.560794044665014,-1.6674937965260537,39.8,48.4,34.2
2171,TE,Hayden Hurst,BAL,0.0,3.9602977667493806,-2.8883374689826313,39.5,52.8,29.8
2746,WR,Hakeem Butler,ARI,0.0,8.605459057071965,-4.674937965260548,39.4,68.3,23.7
176,RB,Darwin Thompson,KC,0.0,14.531017369727053,-7.414392059553355,39.2,88.0,14.3
177,RB,Malcolm Brown,LAR,0.0,5.449131513647647,-2.918114143920596,38.9,57.2,29.1
2172,TE,Jordan Thomas,HOU,0.0,3.1563275434243194,-3.007444168734492,38.8,49.4,28.7
178,RB,Devin Singletary,BUF,0.0,7.6228287841191085,-7.920595533498764,38.5,64.1,11.9
179,RB,Corey Clement,PHI,0.0,6.044665012406952,-7.771712158808936,38.4,58.7,12.3
2747,WR,Jermaine Kearse,DET,0.0,6.312655086848639,-7.146401985111666,37.9,59.1,13.9
2173,TE,Matt LaCosse,NE,0.0,3.5434243176178692,-4.109181141439207,37.8,49.7,24.0
2748,WR,Jaron Brown,SEA,0.0,8.337468982630277,-7.086848635235735,37.8,65.8,14.0
2749,WR,Hunter Renfrow,OAK,0.0,3.126550868486354,-1.6079404466501244,37.3,47.8,31.9
2750,WR,Dontrelle Inman,NE,0.0,12.000000000000007,-10.987593052109187,36.9,77.2,0.0
2751,WR,Jarius Wright,CAR,0.0,4.1687344913151385,-1.7568238213399507,36.4,50.4,30.5
180,RB,Tony Pollard,DAL,0.0,12.535980148883384,-3.692307692307694,36.3,78.4,23.9
2174,TE,Tyler Higbee,LAR,0.0,3.334987593052112,-2.20347394540943,36.3,47.5,28.9
181,RB,Andre Ellington,TB,0.0,4.79404466501241,-3.841191066997521,36.1,52.2,23.2
2752,WR,Tim Patrick,DEN,0.0,4.466501240694791,-5.032258064516133,36.1,51.1,19.2
182,RB,Wayne Gallman,NYG,0.0,6.699751861042187,-5.866004962779159,36.0,58.5,16.3
2175,TE,Josh Oliver,JAC,0.0,2.9776674937965275,-2.4119106699751875,36.0,46.0,27.9
2753,WR,Chester Rogers,IND,0.0,5.86600496277916,-6.818858560794047,35.9,55.6,13.0
2754,WR,Seth Roberts,BAL,0.0,7.622828784119111,-8.18858560794045,35.8,61.4,8.3
820,QB,Daniel Jones,NYG,0.0,11.16625310173698,-5.746898263027298,35.4,72.9,16.1
2755,WR,Miles Boykin,BAL,0.0,8.397022332506209,-7.801488833746901,35.3,63.5,9.1
2176,TE,Kahale Warring,HOU,0.0,4.1389578163771725,-4.317617866004966,34.7,48.6,20.2
2177,TE,Blake Jarwin,DAL,0.0,3.9007444168734513,-5.032258064516131,34.4,47.5,17.5
2756,WR,J.J. Arcega-Whiteside,PHI,0.0,1.6674937965260537,-1.3399503722084385,34.2,39.8,29.7
2178,TE,Nick Vannett,SEA,0.0,4.645161290322584,-3.930521091811416,33.9,49.5,20.7
183,RB,Bryce Love,WAS,0.0,7.801488833746901,-7.176178660049632,33.7,59.9,9.6
184,RB,Cameron Artis-Payne,CAR,0.0,7.7717121588089375,-4.9727047146402,33.3,59.4,16.6
2179,TE,Charles Clay,ARI,0.0,6.491315136476429,-2.2332506203473956,33.1,54.9,25.6
185,RB,Ty Montgomery,NYJ,0.0,10.004962779156335,-4.555831265508687,32.8,66.4,17.5
2757,WR,Chad Beebe,MIN,0.0,4.1985111662531045,-5.3300248138957835,31.9,46.0,14.0
186,RB,J.D. McKissic,SEA,0.0,6.04466501240695,-3.573200992555833,31.6,51.9,19.6
2758,WR,Ryan Switzer,PIT,0.0,0.26799007444168704,-0.7146401985111672,31.6,32.5,29.2
2180,TE,C.J. Uzomah,CIN,0.0,3.6327543424317645,-3.305210918114146,31.5,43.7,20.4
2759,WR,Cody Latimer,NYG,0.0,11.970223325062042,-7.3548387096774235,31.3,71.5,6.6
2760,WR,Cordarrelle Patterson,CHI,0.0,6.5210918114143945,-2.6203473945409446,31.0,52.9,22.2
2181,TE,Irv Smith Jr.,MIN,0.0,2.6203473945409455,-2.441687344913152,30.9,39.7,22.7
2182,TE,Adam Shaheen,CHI,0.0,5.687344913151368,-3.126550868486354,30.6,49.7,20.1
187,RB,Darren Sproles,PHI,0.0,2.7990074441687356,-2.263027295285361,30.5,39.9,22.9
188,RB,Ryquell Armstead,JAC,0.0,3.483870967741937,-2.0545905707196037,30.2,41.9,23.3
2761,WR,Keith Kirkwood,NO,0.0,3.454094292803972,-5.062034739454097,29.9,41.5,12.9
2183,TE,Mo Alie-Cox,IND,0.0,6.729528535980151,-3.751861042183625,29.8,52.4,17.2
2762,WR,Chris Moore,BAL,0.0,4.972704714640201,-3.751861042183624,29.7,46.4,17.1
2184,TE,Ed Dickson,SEA,0.0,5.627791563275436,-5.270471464019853,28.9,47.8,11.2
189,RB,Kyle Juszczyk,SF,0.0,5.35980148883375,-5.627791563275436,28.7,46.7,9.8
2763,WR,Ryan Grant,OAK,0.0,3.007444168734493,-6.99751861042184,28.6,38.7,5.1
2764,WR,Marcell Ateman,OAK,0.0,4.674937965260549,-2.7096774193548394,28.4,44.1,19.3
2765,WR,Bennie Fowler,NYG,0.0,7.741935483870971,-8.426799007444172,28.3,54.3,0.0
190,RB,Kenneth Dixon,BAL,0.0,4.5558312655086874,-5.47890818858561,27.8,43.1,9.4
2185,TE,Jesse James,DET,0.0,1.5186104218362295,-1.6377171215880901,27.5,32.6,22.0
2186,TE,Jason Croom,BUF,0.0,7.205955334987596,-5.41935483870968,27.2,51.4,9.0
2766,WR,Keelan Cole,JAC,0.0,4.1687344913151385,-3.960297766749381,26.9,40.9,13.6
191,RB,Benny Snell Jr.,PIT,0.0,5.091811414392061,-3.751861042183625,26.8,43.9,14.2
192,RB,Rodney Anderson,CIN,0.0,8.545905707196034,-7.950372208436728,26.7,55.4,0.0
2187,TE,Rhett Ellison,NYG,0.0,5.330024813895785,-3.215880893300249,26.7,44.6,15.9
2767,WR,Laquon Treadwell,MIN,0.0,5.6873449131513665,-7.950372208436728,26.7,45.8,0.0
2188,TE,Tyler Kroft,BUF,0.0,1.369727047146402,-1.5186104218362295,26.6,31.2,21.5
2189,TE,Jordan Akins,HOU,0.0,2.918114143920596,-5.121588089330027,26.5,36.3,9.3
2768,WR,Aldrick Robinson,CAR,0.0,12.565756823821344,-7.861042183622832,26.4,68.6,0.0
2190,TE,James O'Shaughnessy,JAC,0.0,1.1315136476426806,-1.8759305210918125,26.2,30.0,19.9
193,RB,Spencer Ware,IND,0.0,7.057071960297769,-5.002481389578167,26.1,49.8,9.3
2191,TE,Dawson Knox,BUF,0.0,2.173697270471464,-2.1736972704714654,26.0,33.3,18.7
821,QB,Taysom Hill,NO,0.0,2.08436724565757,-3.4243176178660066,25.7,32.7,14.2
2769,WR,Justin Hardy,ATL,0.0,0.26799007444168704,-0.2084367245657567,25.3,26.2,24.6
2770,WR,Tavon Austin,DAL,0.0,1.3697270471464031,-1.0124069478908189,25.2,29.8,21.8
194,RB,Jordan Scarlett,CAR,0.0,2.560794044665014,-2.7990074441687365,25.1,33.7,15.7
2771,WR,Jordan Taylor,MIN,0.0,2.828784119106701,-2.560794044665014,25.1,34.6,16.5
2192,TE,Jeff Heuerman,DEN,0.0,4.526054590570722,-2.739454094292805,25.0,40.2,15.8
2193,TE,Jonnu Smith,TEN,0.0,1.1315136476426806,-3.21588089330025,24.8,28.6,14.0
2772,WR,Corey Coleman,NYG,0.0,3.3349875930521105,-2.8585607940446662,24.2,35.4,14.6
2773,WR,Taywan Taylor,TEN,0.0,1.6079404466501255,-4.34739454094293,24.2,29.6,9.6
2774,WR,Justin Watson,TB,0.0,2.203473945409431,-2.501240694789083,23.9,31.3,15.5
195,RB,Dexter Williams,GB,0.0,2.203473945409431,-1.0719602977667493,23.2,30.6,19.6
196,RB,Myles Gaskin,MIA,0.0,4.9727047146402,-4.079404466501243,23.1,39.8,9.4
2775,WR,Jordan Matthews,SF,0.0,10.928039702233255,-6.729528535980153,22.6,59.3,0.0
2194,TE,Virgil Green,LAC,0.0,3.0372208436724577,-1.3399503722084374,22.3,32.5,17.8
2776,WR,J.J. Nelson,OAK,0.0,1.5781637717121597,-0.38709677419354876,22.0,27.3,20.7
197,RB,Mark Walton,MIA,0.0,4.317617866004965,-4.347394540942929,21.9,36.4,7.3
2777,WR,Gary Jennings,SEA,0.0,5.3598014888337495,-3.9007444168734504,21.9,39.9,8.8
2195,TE,Demetrius Harris,CLE,0.0,1.3399503722084374,-2.6203473945409446,21.8,26.3,13.0
2778,WR,Jalen Hurd,SF,0.0,3.6923076923076947,-5.091811414392063,21.8,34.2,4.7
2779,WR,Eli Rogers,PIT,0.0,7.384615384615389,-4.5558312655086874,21.8,46.6,6.5
198,RB,Brandon Bolden,NE,0.0,9.647642679900748,-6.4317617866005,21.6,54.0,0.0
2196,TE,Dwayne Allen,MIA,0.0,3.4243176178660066,-3.2456575682382156,21.6,33.1,10.7
2780,WR,Diontae Johnson,PIT,0.0,3.573200992555832,-1.727047146401986,21.3,33.3,15.5
2197,TE,Tanner Hudson,TB,0.0,0.0,0.0,20.3,20.3,20.3
199,RB,Darrel Williams,KC,0.0,9.856079404466504,-5.389578163771714,20.2,53.3,2.1
2198,TE,Jake Butt,DEN,0.0,1.0719602977667504,-1.5781637717121593,19.9,23.5,14.6
2781,WR,Deon Cain,IND,0.0,0.5657568238213408,-0.4466501240694791,19.9,21.8,18.4
200,RB,Brian Hill,ATL,0.0,8.69478908188586,-5.895781637717125,19.8,49.0,0.0
2199,TE,Drew Sample,CIN,0.0,3.573200992555833,-2.9776674937965275,19.8,31.8,9.8
2782,WR,Preston Williams,MIA,0.0,0.0,0.0,19.6,19.6,19.6
201,RB,Wendell Smallwood,PHI,0.0,11.255583126550873,-5.806451612903229,19.5,57.3,0.0
2200,TE,Maxx Williams,ARI,0.0,1.5186104218362295,-1.6377171215880901,19.5,24.6,14.0
202,RB,Jordan Wilkins,IND,0.0,1.101736972704716,-1.0421836228287842,19.4,23.1,15.9
2201,TE,Josh Hill,NO,0.0,1.5781637717121597,-1.3697270471464031,19.3,24.6,14.7
203,RB,Rod Smith,NYG,0.0,2.858560794044666,-3.21588089330025,19.1,28.7,8.3
204,RB,C.J. Prosise,SEA,0.0,5.925558312655089,-5.687344913151368,19.1,39.0,0.0
2202,TE,Luke Willson,OAK,0.0,1.3399503722084374,-3.394540942928042,19.1,23.6,7.7
2783,WR,Jake Kumerow,GB,0.0,1.1315136476426797,-1.8759305210918125,19.1,22.9,12.8
205,RB,Zach Zenner,DET,0.0,2.322580645161292,-5.657568238213402,19.0,26.8,0.0
2784,WR,Tajae Sharpe,TEN,0.0,3.305210918114146,-2.858560794044666,18.9,30.0,9.3
2203,TE,Jakob Johnson,NE,0.0,0.0,0.0,18.5,18.5,18.5
2785,WR,Torrey Smith,CAR,0.0,0.9826302729528543,-1.3399503722084374,18.5,21.8,14.0
2786,WR,Maurice Harris,NE,0.0,2.7990074441687356,-2.70967741935484,18.5,27.9,9.4
2787,WR,DeAndre Carter,HOU,0.0,3.662531017369729,-3.8114143920595547,18.2,30.5,5.4
2204,TE,Nick Boyle,BAL,0.0,1.7866004962779165,-2.679900744416875,18.1,24.1,9.1
2788,WR,Darius Slayton,NYG,0.0,0.0,0.0,18.0,18.0,18.0
2205,TE,Xavier Grimble,PIT,0.0,2.7990074441687356,-2.382133995037222,17.8,27.2,9.8
822,QB,C.J. Beathard,SF,0.0,-5.240694789081889,-5.240694789081889,17.6,0.0,0.0
206,RB,Ameer Abdullah,MIN,0.0,1.8163771712158823,-1.3399503722084374,17.2,23.3,12.7
207,RB,Benny Cunningham,JAC,0.0,4.258064516129034,-2.739454094292806,17.1,31.4,7.9
208,RB,Travis Homer,SEA,0.0,2.501240694789083,-2.5012406947890837,17.1,25.5,8.7
2206,TE,Stephen Anderson,NE,0.0,3.662531017369729,-3.632754342431764,16.8,29.1,4.6
2789,WR,Travis Fulgham,DET,0.0,-0.029776674937965698,-0.029776674937965698,16.8,16.7,16.7
2790,WR,Kelvin Harmon,WAS,0.0,1.6079404466501244,-1.6377171215880901,16.8,22.2,11.3
2207,TE,Levine Toilolo,SF,0.0,2.5905707196029786,-2.6799007444168748,16.7,25.4,7.7
2208,TE,Logan Paulsen,ATL,0.0,0.8635235732009936,-1.191066997518611,16.7,19.6,12.7
209,RB,Qadree Ollison,ATL,0.0,0.02977667493796464,0.02977667493796464,16.3,16.4,16.4
2209,TE,Luke Stocker,ATL,0.0,3.21588089330025,-1.9950372208436733,16.2,27.0,9.5
210,RB,Javorius Allen,NO,0.0,1.5186104218362295,-1.0421836228287846,16.0,21.1,12.5
2210,TE,Anthony Firkser,TEN,0.0,3.5434243176178675,-1.9354838709677429,16.0,27.9,9.5
823,QB,Ryan Tannehill,TEN,0.0,0.3275434243176179,-1.9950372208436737,15.9,17.0,9.2
211,RB,Darius Jackson,DAL,0.0,7.801488833746902,-4.674937965260548,15.7,41.9,0.0
824,QB,Nate Sudfeld,PHI,0.0,-0.02977667493796517,-1.1315136476426806,15.4,15.3,11.6
212,RB,Mike Boone,MIN,0.0,4.019851116625312,-3.007444168734493,15.3,28.8,5.2
2211,TE,Daniel Brown,NYJ,0.0,1.3995037220843678,-1.4292803970223333,15.3,20.0,10.5
2791,WR,Riley Ridley,CHI,0.0,1.6377171215880901,-2.0843672456575693,15.2,20.7,8.2
2212,TE,Erik Swoope,OAK,0.0,6.491315136476429,-4.496277915632756,15.1,36.9,0.0
2213,TE,Eric Tomlinson,NYJ,0.0,1.965260545905708,-3.6029776674937986,14.9,21.5,2.8
2792,WR,Austin Carr,NO,0.0,2.4119106699751867,-2.5310173697270484,14.8,22.9,6.3
2793,WR,Isaiah McKenzie,BUF,0.0,5.8064516129032295,-4.377171215880895,14.7,34.2,0.0
213,RB,Trayveon Williams,CIN,0.0,4.079404466501242,-2.5607940446650135,14.5,28.2,5.9
2794,WR,Braxton Berrios,NE,0.0,0.0,0.0,14.5,14.5,14.5
2214,TE,Foster Moreau,OAK,0.0,1.161290322580646,-1.1315136476426801,14.1,18.0,10.3
214,RB,Thomas Rawls,JAC,0.0,2.0843672456575693,-4.1687344913151385,14.0,21.0,0.0
2215,TE,Darren Fells,HOU,0.0,4.1389578163771725,-4.1687344913151385,14.0,27.9,0.0
2795,WR,Alex Erickson,CIN,0.0,3.21588089330025,-1.7568238213399514,13.8,24.6,7.9
825,QB,Gardner Minshew,JAC,0.0,0.7444168734491319,-1.3697270471464025,13.7,16.2,9.1
826,QB,Will Grier,CAR,0.0,0.05955334987593087,-1.5483870967741942,13.6,13.8,8.4
215,RB,Anthony Sherman,KC,0.0,5.508684863523576,-2.560794044665014,13.3,31.8,4.7
2216,TE,Garrett Celek,SF,0.0,6.699751861042186,-3.960297766749382,13.3,35.8,0.0
827,QB,Blaine Gabbert,TB,0.0,1.846153846153847,-1.1315136476426801,13.2,19.4,9.4
2796,WR,Russell Gage,ATL,0.0,2.4119106699751875,-1.9354838709677427,13.2,21.3,6.7
2797,WR,Rishard Matthews,NO,0.0,0.0,0.0,13.1,13.1,13.1
2217,TE,Dan Arnold,NO,0.0,2.1736972704714654,-1.7866004962779165,13.0,20.3,7.0
2218,TE,Zach Gentry,PIT,0.0,2.0545905707196037,-2.0248138957816386,13.0,19.9,6.2
2798,WR,Russell Shepard,NYG,0.0,3.126550868486354,-2.0843672456575693,13.0,23.5,6.0
2219,TE,MyCole Pruitt,TEN,0.0,5.955334987593055,-3.8411910669975207,12.9,32.9,0.0
2220,TE,Trevon Wesco,NYJ,0.0,0.0,0.0,12.8,12.8,12.8
2799,WR,Brice Butler,MIA,0.0,4.019851116625313,-3.7518610421836245,12.6,26.1,0.0
2800,WR,Geremy Davis,LAC,0.0,2.76923076923077,-1.6674937965260552,12.6,21.9,7.0
2801,WR,Zach Pascal,IND,0.0,3.186104218362284,-3.7220843672456594,12.5,23.2,0.0
2802,WR,Bobo Wilson,TB,0.0,5.449131513647645,-3.6923076923076943,12.4,30.7,0.0
2221,TE,Blake Bell,KC,0.0,2.441687344913152,-2.560794044665014,12.3,20.5,3.7
828,QB,Nick Mullens,SF,0.0,0.9826302729528543,-0.7444168734491319,12.1,15.4,9.6
2803,WR,Mack Hollins,PHI,0.0,2.2034739454094305,-1.7270471464019859,12.1,19.5,6.3
216,RB,Dwayne Washington,NO,0.0,4.496277915632757,-3.573200992555833,12.0,27.1,0.0
2222,TE,Marcedes Lewis,GB,0.0,4.496277915632757,-1.7568238213399514,12.0,27.1,6.1
829,QB,Jeff Driskel,CIN,0.0,1.697270471464021,-3.543424317617868,11.9,17.6,0.0
2804,WR,Cameron Meredith,NO,0.0,1.3995037220843682,-3.543424317617868,11.9,16.6,0.0
830,QB,Chase Daniel,CHI,0.0,0.26799007444168704,-2.114143920595535,11.8,12.7,4.7
2223,TE,Kaden Smith,SF,0.0,1.9652605459057075,-1.9652605459057084,11.8,18.4,5.2
2224,TE,Robert Tonyan,GB,0.0,3.9007444168734513,-3.483870967741937,11.7,24.8,0.0
831,QB,Blake Bortles,LAR,0.0,1.5781637717121593,-1.965260545905708,11.6,16.9,5.0
2805,WR,Vyncint Smith,HOU,0.0,3.066997518610423,-1.6674937965260552,11.6,21.9,6.0
2225,TE,Chris Manhertz,CAR,0.0,2.6799007444168748,-1.6377171215880901,11.5,20.5,6.0
2226,TE,Nick O'Leary,MIA,0.0,1.7568238213399514,-3.3945409429280415,11.4,17.3,0.0
2227,TE,Derek Carrier,OAK,0.0,3.4540942928039717,-3.3945409429280415,11.4,23.0,0.0
2228,TE,Neal Sterling,KC,0.0,1.0124069478908189,-1.280397022332507,11.3,14.7,7.0
2806,WR,Cody Core,CIN,0.0,4.85359801488834,-3.3647642679900764,11.3,27.6,0.0
2807,WR,Trevor Davis,GB,0.0,1.3697270471464031,-1.4888337468982635,11.2,15.8,6.2
832,QB,Robert Griffin,BAL,0.0,1.8461538461538474,-1.0421836228287846,11.1,17.3,7.6
2229,TE,Tyler Conklin,NE,0.0,4.049627791563277,-3.3052109181141454,11.1,24.7,0.0
2230,TE,Isaac Nauta,DET,0.0,1.8163771712158816,-1.8163771712158816,11.1,17.2,5.0
217,RB,Trenton Cannon,NYJ,0.0,0.416873449131514,-0.5955334987593055,11.0,12.4,9.0
2808,WR,Byron Marshall,WAS,0.0,-0.23821339950372242,-0.23821339950372242,11.0,10.2,10.2
2231,TE,Garrett Griffin,NO,0.0,3.245657568238215,-3.245657568238215,10.9,21.8,0.0
2809,WR,Deontay Burnett,NYJ,0.0,2.977667493796527,-3.245657568238215,10.9,20.9,0.0
218,RB,James Develin,NE,0.0,0.8337468982630274,-1.0421836228287849,10.8,13.6,7.3
2810,WR,Josh Bellamy,NYJ,0.0,2.441687344913152,-2.263027295285361,10.8,19.0,3.2
219,RB,Raheem Mostert,SF,0.0,3.960297766749382,-3.186104218362284,10.7,24.0,0.0
220,RB,Zach Line,NO,0.0,0.6848635235732016,-0.4466501240694791,10.7,13.0,9.2
2811,WR,Amara Darboh,SEA,0.0,3.2456575682382156,-3.186104218362284,10.7,21.6,0.0
221,RB,Trey Edmunds,PIT,0.0,3.6923076923076943,-3.156327543424319,10.6,23.0,0.0
222,RB,Alex Armah,CAR,0.0,2.799007444168736,-1.4888337468982638,10.4,19.8,5.4
833,QB,Brett Hundley,ARI,0.0,1.2803970223325065,-0.8933002481389585,10.3,14.6,7.3
2812,WR,Trent Taylor,SF,0.0,1.4292803970223333,-1.3101736972704718,10.2,15.0,5.8
2813,WR,Dylan Cantrell,LAC,0.0,3.21588089330025,-3.0372208436724577,10.2,21.0,0.0
2814,WR,Artavis Scott,LAC,0.0,2.4119106699751875,-2.233250620347395,10.2,18.3,2.7
834,QB,Trevor Siemian,NYJ,0.0,1.1315136476426806,-1.6377171215880901,10.1,13.9,4.6
2232,TE,Antony Auclair,TB,0.0,2.3523573200992565,-1.191066997518611,10.0,17.9,6.0
2815,WR,KeeSean Johnson,ARI,0.0,0.4466501240694791,-0.416873449131514,10.0,11.5,8.6
2816,WR,Brian Quick,WAS,0.0,3.930521091811417,-2.9478908188585624,9.9,23.1,0.0
835,QB,Teddy Bridgewater,NO,0.0,0.5062034739454094,-1.5483870967741946,9.8,11.5,4.6
223,RB,Bruce Anderson,TB,0.0,0.416873449131514,-0.38709677419354827,9.6,11.0,8.3
224,RB,Andy Janovich,DEN,0.0,0.5359801488833752,-0.5955334987593055,9.6,11.4,7.6
836,QB,Matt Barkley,BUF,0.0,0.05955334987593034,-0.5657568238213403,9.5,9.7,7.6
2817,WR,Brandon Powell,DET,0.0,3.7816377171215896,-2.828784119106701,9.5,22.2,0.0
2233,TE,Seth DeValve,CLE,0.0,3.6923076923076943,-2.799007444168736,9.4,21.8,0.0
837,QB,Paxton Lynch,SEA,0.0,0.863523573200993,-1.429280397022333,9.2,12.1,4.4
225,RB,Garrett Griffin,NO,0.0,-0.02977667493796517,-0.02977667493796517,9.1,9.0,9.0
226,RB,Justin Davis,LAR,0.0,5.091811414392063,-2.70967741935484,9.1,26.2,0.0
2234,TE,Jeremy Sprinkle,WAS,0.0,0.4764267990074443,-0.4764267990074443,9.1,10.7,7.5
227,RB,Elijhaa Penny,NYG,0.0,0.7146401985111667,-0.7741935483870973,8.9,11.3,6.3
228,RB,Patrick Ricard,BAL,0.0,-0.11910669975186121,-0.11910669975186121,8.9,8.5,8.5
2235,TE,Ryan Griffin,NYJ,0.0,3.722084367245659,-2.6501240694789097,8.9,21.4,0.0
2818,WR,Chad Williams,ARI,0.0,3.186104218362285,-2.6501240694789097,8.9,19.6,0.0
2236,TE,Ryan Izzo,MIN,0.0,0.0,0.0,8.8,8.8,8.8
2237,TE,Alize Mack,NO,0.0,2.6203473945409446,-2.6203473945409446,8.8,17.6,0.0
229,RB,Mike Weber,DAL,0.0,0.8933002481389583,-0.8635235732009928,8.7,11.7,5.8
230,RB,John Kelly,LAR,0.0,1.8163771712158823,-1.875930521091812,8.7,14.8,2.4
2238,TE,Richard Rodgers,PHI,0.0,3.3349875930521105,-1.7270471464019856,8.7,19.9,2.9
2239,TE,Dalton Schultz,DAL,0.0,0.6848635235732016,-0.4168734491315137,8.7,11.0,7.3
231,RB,Dontrell Hilliard,CLE,0.0,2.2630272952853607,-2.5607940446650135,8.6,16.2,0.0
232,RB,Paul Perkins,NYG,0.0,2.4119106699751875,-2.5310173697270484,8.5,16.6,0.0
233,RB,Josh Ferguson,HOU,0.0,0.02977667493796517,-0.05955334987593034,8.5,8.6,8.3
2240,TE,Durham Smythe,MIA,0.0,0.5062034739454094,-0.5062034739454098,8.5,10.2,6.8
234,RB,Dare Ogunbowale,TB,0.0,2.4714640198511173,-2.5012406947890833,8.4,16.7,0.0
2241,TE,Jason Vander Laan,CAR,0.0,-0.02977667493796517,-0.02977667493796517,8.4,8.3,8.3
2819,WR,K.J. Brent,TB,0.0,0.02977667493796517,0.02977667493796517,8.4,8.5,8.5
235,RB,D.J. Foster,ARI,0.0,1.6674937965260552,-1.7866004962779167,8.3,13.9,2.3
838,QB,Tyrod Taylor,LAC,0.0,1.6079404466501244,-1.6377171215880904,8.3,13.7,2.8
839,QB,Joshua Dobbs,PIT,0.0,0.50620347394541,-0.9230769230769235,8.2,9.9,5.1
2820,WR,Ray-Ray McCloud,BUF,0.0,0.14888337468982638,-0.2084367245657567,8.2,8.7,7.5
2821,WR,Vince Mayle,LAC,0.0,0.0,0.0,8.2,8.2,8.2
236,RB,Detrez Newsome,LAC,0.0,1.727047146401986,-1.756823821339951,8.1,13.9,2.2
2242,TE,Cethan Carter,CIN,0.0,-0.02977667493796517,-0.02977667493796517,8.1,8.0,8.0
840,QB,Cooper Rush,DAL,0.0,1.0719602977667497,-1.0124069478908195,8.0,11.6,4.6
2243,TE,Tyrone Swoopes,SEA,0.0,2.7990074441687356,-2.382133995037222,8.0,17.4,0.0
2822,WR,Jaelen Strong,CLE,0.0,2.2332506203473956,-2.382133995037222,8.0,15.5,0.0
237,RB,CJ Ham,MIN,0.0,0.3275434243176179,-0.23821339950372242,7.9,9.0,7.1
2823,WR,Derrick Willies,CLE,0.0,2.5905707196029795,-1.6674937965260557,7.9,16.6,2.3
238,RB,Josh Adams,PHI,0.0,2.1439205955335,-2.3225806451612914,7.8,15.0,0.0
841,QB,Ryan Finley,CIN,0.0,0.0,0.0,7.8,7.8,7.8
239,RB,David Fluellen,TEN,0.0,2.0248138957816386,-1.8163771712158816,7.7,14.5,1.6
240,RB,T.J. Logan,ARI,0.0,1.0421836228287844,-0.9230769230769237,7.7,11.2,4.6
842,QB,Brian Hoyer,NE,0.0,0.9528535980148886,-0.8337468982630276,7.5,10.7,4.7
2244,TE,Jordan Franks,CIN,0.0,3.186104218362285,-2.2034739454094305,7.4,18.1,0.0
2245,TE,Lance Kendricks,NE,0.0,2.977667493796527,-2.2034739454094305,7.4,17.4,0.0
843,QB,Chad Henne,KC,0.0,1.5781637717121595,-0.5359801488833749,7.3,12.6,5.5
2824,WR,Marvin Hall,CHI,0.0,2.6799007444168748,-2.173697270471465,7.3,16.3,0.0
2825,WR,Darvin Kidsy,WAS,0.0,2.0843672456575697,-2.173697270471465,7.3,14.3,0.0
241,RB,Jeff Wilson,SF,0.0,1.9652605459057084,-2.1439205955335,7.2,13.8,0.0
844,QB,DeShone Kizer,GB,0.0,1.5781637717121595,-0.5359801488833749,7.2,12.5,5.4
2826,WR,Darius Jennings,TEN,0.0,1.4888337468982635,-1.4590570719602987,7.2,12.2,2.3
2827,WR,Andy Jones,DET,0.0,1.7866004962779165,-2.1141439205955344,7.1,13.1,0.0
845,QB,Mike Glennon,OAK,0.0,1.6674937965260552,-0.8039702233250625,7.0,12.6,4.3
846,QB,Taylor Heinicke,CAR,0.0,0.5657568238213403,-2.054590570719604,6.9,8.8,0.0
847,QB,Jacoby Brissett,IND,0.0,1.1315136476426801,-1.0719602977667502,6.9,10.7,3.3
848,QB,Drew Stanton,CLE,0.0,1.101736972704715,-1.369727047146403,6.9,10.6,2.3
2828,WR,Josh Malone,CIN,0.0,1.1315136476426801,-1.2506203473945416,6.9,10.7,2.7
2829,WR,Jehu Chesson,WAS,0.0,1.9057071960297773,-2.0248138957816386,6.8,13.2,0.0
2830,WR,Kevin White,ARI,0.0,0.9230769230769237,-0.5657568238213403,6.7,9.8,4.8
242,RB,Taquan Mizzell,CHI,0.0,-0.08933002481389578,-0.08933002481389578,6.5,6.2,6.2
849,QB,Colt McCoy,WAS,0.0,-1.9354838709677429,-1.9354838709677429,6.5,0.0,0.0
850,QB,AJ McCarron,HOU,0.0,1.399503722084368,-1.4888337468982638,6.3,11.0,1.3
2246,TE,Lee Smith,BUF,0.0,0.5657568238213401,-0.5657568238213401,6.3,8.2,4.4
2831,WR,Johnny Holton,PIT,0.0,1.8759305210918122,-1.8759305210918122,6.3,12.6,0.0
2832,WR,Juwann Winfree,DEN,0.0,0.0,0.0,6.2,6.2,6.2
243,RB,Roosevelt Nix,PIT,0.0,1.191066997518611,-1.0719602977667497,6.1,10.1,2.5
2247,TE,Scott Simonson,NYG,0.0,0.11910669975186121,-0.02977667493796517,6.1,6.5,6.0
2248,TE,Sean Culkin,LAC,0.0,0.0,-0.08933002481389578,6.1,6.1,5.8
244,RB,DeAndre Washington,OAK,0.0,1.4590570719602987,-1.7866004962779165,6.0,10.9,0.0
851,QB,Matt Schaub,ATL,0.0,1.3101736972704723,-1.369727047146403,5.9,10.3,1.3
2249,TE,Jordan Leggett,TB,0.0,1.7270471464019856,-1.7568238213399514,5.9,11.7,0.0
245,RB,Patrick DiMarco,BUF,0.0,0.8635235732009928,-0.5955334987593055,5.8,8.7,3.8
2250,TE,David Morgan,MIN,0.0,0.35732009925558333,-0.3275434243176179,5.6,6.8,4.5
2833,WR,Gehrig Dieter,KC,0.0,0.7146401985111667,-0.6848635235732012,5.6,8.0,3.3
2834,WR,Lance Lenoir,DAL,0.0,1.697270471464021,-1.6674937965260552,5.6,11.3,0.0
2835,WR,Jordan Lasley,BAL,0.0,1.6377171215880901,-1.6674937965260552,5.6,11.1,0.0
246,RB,Samaje Perine,WAS,0.0,1.5483870967741942,-1.6377171215880901,5.5,10.7,0.0
247,RB,Jamize Olawale,DAL,0.0,0.5955334987593055,-0.38709677419354876,5.4,7.4,4.1
852,QB,Sean Mannion,MIN,0.0,0.35732009925558333,-0.23821339950372214,5.3,6.5,4.5
2836,WR,Brandon Zylstra,MIN,0.0,1.1017369727047153,-1.5781637717121595,5.3,9.0,0.0
2837,WR,River Cracraft,DEN,0.0,1.2506203473945416,-1.3697270471464025,5.3,9.5,0.7
2838,WR,Noah Brown,DAL,0.0,0.059553349875930604,-0.08933002481389578,5.3,5.5,5.0
248,RB,Tra Carson,GB,0.0,1.5483870967741944,-1.5483870967741944,5.2,10.4,0.0
853,QB,Tom Savage,DET,0.0,1.9354838709677427,-1.5483870967741944,5.2,11.7,0.0
2839,WR,Olabisi Johnson,MIN,0.0,0.02977667493796517,0.02977667493796517,5.2,5.3,5.3
2840,WR,Tommylee Lewis,DET,0.0,2.8883374689826313,-1.5483870967741944,5.2,14.9,0.0
2841,WR,Greg Dortch,NYJ,0.0,0.0,0.0,5.2,5.2,5.2
2842,WR,Braxton Miller,PHI,0.0,1.4888337468982635,-1.5483870967741944,5.2,10.2,0.0
2843,WR,Tanner Gentry,CHI,0.0,1.5186104218362289,-1.5186104218362289,5.1,10.2,0.0
2844,WR,Damion Ratley,CLE,0.0,1.161290322580646,-0.8039702233250625,5.0,8.9,2.3
249,RB,Ty Johnson,DET,0.0,0.0,0.0,4.9,4.9,4.9
2251,TE,Cole Wick,TEN,0.0,1.4590570719602987,-1.4590570719602987,4.9,9.8,0.0
2845,WR,Cam Sims,WAS,0.0,0.0,0.0,4.9,4.9,4.9
250,RB,Troymaine Pope,LAC,0.0,1.399503722084368,-1.4292803970223331,4.8,9.5,0.0
2252,TE,Logan Thomas,DET,0.0,1.3399503722084376,-1.4292803970223331,4.8,9.3,0.0
2253,TE,Rico Gathers,DAL,0.0,1.3101736972704718,-1.4292803970223331,4.8,9.2,0.0
2846,WR,Marcus Kemp,KC,0.0,0.8039702233250625,-1.4292803970223331,4.8,7.5,0.0
2847,WR,Javon Wims,CHI,0.0,0.2679900744416876,-0.3573200992555832,4.8,5.7,3.6
2254,TE,Jerell Adams,HOU,0.0,0.8039702233250625,-1.399503722084368,4.7,7.4,0.0
2848,WR,Chris Lacy,DET,0.0,1.3101736972704718,-1.399503722084368,4.7,9.1,0.0
2849,WR,Dwayne Harris,OAK,0.0,0.4764267990074443,-0.5657568238213403,4.7,6.3,2.8
251,RB,Derek Watt,LAC,0.0,0.7146401985111667,-0.7146401985111664,4.6,7.0,2.2
2255,TE,Jerome Cunningham,DET,0.0,1.3697270471464025,-1.3697270471464025,4.6,9.2,0.0
252,RB,Gregory Howell,HOU,0.0,1.3399503722084374,-1.3399503722084374,4.5,9.0,0.0
2256,TE,Eric Saubert,ATL,0.0,1.965260545905708,-1.3399503722084374,4.5,11.1,0.0
2850,WR,JoJo Natson,LAR,0.0,1.3697270471464025,-1.3399503722084374,4.5,9.1,0.0
2851,WR,Kalif Raymond,TEN,0.0,1.191066997518611,-1.3101736972704723,4.4,8.4,0.0
253,RB,Boston Scott,PHI,0.0,1.2506203473945416,-1.2803970223325067,4.3,8.5,0.0
2852,WR,Andre Roberts,BUF,0.0,0.059553349875930604,-0.08933002481389578,4.3,4.5,4.0
2853,WR,Rashad Ross,CAR,0.0,1.3101736972704718,-1.2803970223325067,4.3,8.7,0.0
2854,WR,Isaac Whitney,HOU,0.0,1.1910669975186112,-1.2803970223325067,4.3,8.3,0.0
254,RB,Kenneth Farrow,MIA,0.0,1.1910669975186108,-1.2506203473945416,4.2,8.2,0.0
255,RB,Nick Bellore,SEA,0.0,1.2208436724565765,-1.2506203473945416,4.2,8.3,0.0
256,RB,Chris Warren III,OAK,0.0,1.1910669975186108,-1.2506203473945416,4.2,8.2,0.0
2855,WR,Hunter Sharp,CIN,0.0,1.2208436724565765,-1.2506203473945416,4.2,8.3,0.0
257,RB,De'Lance Turner,BAL,0.0,1.161290322580646,-1.220843672456576,4.1,8.0,0.0
2257,TE,Gabe Holmes,IND,0.0,1.220843672456576,-1.220843672456576,4.1,8.2,0.0
2856,WR,J'Mon Moore,GB,0.0,1.280397022332507,-1.220843672456576,4.1,8.4,0.0
2857,WR,Jaleel Scott,BAL,0.0,0.0,0.0,4.1,4.1,4.1
2858,WR,Keon Hatcher,OAK,0.0,1.191066997518611,-1.220843672456576,4.1,8.1,0.0
2859,WR,Cam Batson,TEN,0.0,1.2506203473945419,-1.220843672456576,4.1,8.3,0.0
258,RB,Shaun Wilson,WAS,0.0,1.280397022332507,-1.191066997518611,4.0,8.3,0.0
259,RB,Taiwan Jones,HOU,0.0,1.5483870967741942,-1.191066997518611,4.0,9.2,0.0
2258,TE,Joshua Perkins,PHI,0.0,0.29776674937965275,-0.29776674937965275,4.0,5.0,3.0
260,RB,Tyler Ervin,BAL,0.0,1.0124069478908193,-1.1612903225806457,3.9,7.3,0.0
2259,TE,Ross Travis,IND,0.0,1.1315136476426806,-1.1612903225806457,3.9,7.7,0.0
2260,TE,Jacob Hollister,SEA,0.0,1.1612903225806457,-1.1612903225806457,3.9,7.8,0.0
2261,TE,Ben Koyack,JAC,0.0,1.1612903225806457,-1.1612903225806457,3.9,7.8,0.0
2262,TE,Clive Walford,MIA,0.0,1.1612903225806457,-1.1612903225806457,3.9,7.8,0.0
2263,TE,Caleb Wilson,ARI,0.0,1.1315136476426806,-1.1612903225806457,3.9,7.7,0.0
2860,WR,Richie James,SF,0.0,1.07196029776675,-1.1612903225806457,3.9,7.5,0.0
854,QB,Trace McSorley,BAL,0.0,0.0,0.0,3.8,3.8,3.8
2861,WR,Charone Peake,NYJ,0.0,0.4466501240694791,-0.29776674937965275,3.8,5.3,2.8
2862,WR,Isaiah Ford,MIA,0.0,1.1017369727047153,-1.1315136476426804,3.8,7.5,0.0
261,RB,Keith Smith,OAK,0.0,0.14888337468982638,-0.208436724565757,3.7,4.2,3.0
2863,WR,Malik Turner,SEA,0.0,1.0719602977667497,-1.0421836228287846,3.5,7.1,0.0
262,RB,Ricky Ortiz,ATL,0.0,0.5955334987593056,-1.0124069478908193,3.4,5.4,0.0
2864,WR,Damiere Byrd,ARI,0.0,1.0421836228287849,-1.0124069478908193,3.4,6.9,0.0
2865,WR,Auden Tate,CIN,0.0,1.07196029776675,-1.0124069478908193,3.4,7.0,0.0
2866,WR,Victor Bolden Jr.,BUF,0.0,0.9826302729528542,-1.0124069478908193,3.4,6.7,0.0
263,RB,Nick Bawden,DET,0.0,1.0421836228287846,-0.982630272952854,3.3,6.8,0.0
2264,TE,Matt Flanagan,WAS,0.0,0.982630272952854,-0.982630272952854,3.3,6.6,0.0
2867,WR,Cam Phillips,BUF,0.0,0.8039702233250625,-0.982630272952854,3.3,6.0,0.0
264,RB,Kenjon Barner,ATL,0.0,0.9528535980148889,-0.9528535980148889,3.2,6.4,0.0
2265,TE,Evan Baylis,GB,0.0,0.9230769230769235,-0.9528535980148889,3.2,6.3,0.0
2868,WR,Allen Lazard,GB,0.0,0.7444168734491319,-0.9528535980148889,3.2,5.7,0.0
265,RB,Jeremy McNichols,TEN,0.0,0.8933002481389581,-0.9230769230769236,3.1,6.1,0.0
2266,TE,Ben Braunecker,CHI,0.0,0.9230769230769236,-0.9230769230769236,3.1,6.2,0.0
2869,WR,Marcus Green,ATL,0.0,0.0,0.0,3.0,3.0,3.0
2870,WR,Byron Pringle,KC,0.0,0.0,0.0,3.0,3.0,3.0
2871,WR,Daurice Fountain,IND,0.0,0.8039702233250625,-0.8933002481389583,3.0,5.7,0.0
2872,WR,Khadarel Hodge,LAR,0.0,0.0,-0.059553349875930604,3.0,3.0,2.8
266,RB,Jonathan Williams,IND,0.0,0.744416873449132,-0.8635235732009929,2.9,5.4,0.0
2873,WR,Mike Thomas,LAR,0.0,0.8337468982630278,-0.8635235732009929,2.9,5.7,0.0
2874,WR,Cedrick Wilson,DAL,0.0,0.8039702233250623,-0.8635235732009929,2.9,5.6,0.0
2875,WR,Devin Smith,DAL,0.0,0.8039702233250623,-0.8635235732009929,2.9,5.6,0.0
2876,WR,Charles Johnson,PHI,0.0,0.8933002481389584,-0.8635235732009929,2.9,5.9,0.0
267,RB,De'Angelo Henderson,MIN,0.0,0.6848635235732012,-0.8337468982630276,2.8,5.1,0.0
268,RB,Michael Burton,NO,0.0,0.863523573200993,-0.8337468982630276,2.8,5.7,0.0
2267,TE,Orson Charles,CLE,0.0,0.8337468982630276,-0.8337468982630276,2.8,5.6,0.0
2877,WR,Terrelle Pryor,JAC,0.0,0.0,0.0,2.8,2.8,2.8
2878,WR,Trent Sherfield,ARI,0.0,0.7741935483870973,-0.8337468982630276,2.8,5.4,0.0
2879,WR,DeAndrew White,CAR,0.0,0.8039702233250625,-0.8337468982630276,2.8,5.5,0.0
855,QB,Geno Smith,SEA,0.0,2.5310173697270484,-0.8039702233250625,2.7,11.2,0.0
2880,WR,Quadree Henderson,NYJ,0.0,0.6253101736972707,-0.8039702233250625,2.7,4.8,0.0
2881,WR,Shelton Gibson,PHI,0.0,0.6848635235732015,-0.7741935483870972,2.6,4.9,0.0
2882,WR,Matt Slater,NE,0.0,1.2506203473945416,-0.7444168734491319,2.5,6.7,0.0
2883,WR,Tim White,NYJ,0.0,0.6848635235732012,-0.7444168734491319,2.5,4.8,0.0
2884,WR,Brittan Golden,NYG,0.0,0.7741935483870971,-0.7444168734491319,2.5,5.1,0.0
269,RB,Matthew Dayes,NO,0.0,0.4466501240694791,-0.7146401985111666,2.4,3.9,0.0
2885,WR,Keenan Reynolds,SEA,0.0,0.0,0.0,2.4,2.4,2.4
270,RB,Senorise Perry,BUF,0.0,0.5062034739454095,-0.6550868486352361,2.2,3.9,0.0
2886,WR,Max McCaffrey,SF,0.0,0.5657568238213401,-0.6550868486352361,2.2,4.1,0.0
2268,TE,Will Tye,PHI,0.0,0.5062034739454098,-0.5955334987593055,2.0,3.7,0.0
2887,WR,J.J. Jones,NYJ,0.0,0.4466501240694791,-0.5955334987593055,2.0,3.5,0.0
2888,WR,Deonte Thompson,NYJ,0.0,0.5062034739454098,-0.5955334987593055,2.0,3.7,0.0
2889,WR,Michael Floyd,BAL,0.0,0.3870967741935486,-0.5062034739454097,1.7,3.0,0.0
2890,WR,Pharoh Cooper,ARI,0.0,0.4466501240694792,-0.5062034739454097,1.7,3.2,0.0
2269,TE,Johnny Mundt,LAR,0.0,0.4168734491315138,-0.4466501240694791,1.5,2.9,0.0
2270,TE,Darrell Daniels,ARI,0.0,0.5062034739454098,-0.4466501240694791,1.5,3.2,0.0
2891,WR,Krishawn Hogan,IND,0.0,0.4466501240694791,-0.4168734491315138,1.4,2.9,0.0
2892,WR,Marcus Johnson,IND,0.0,0.35732009925558333,-0.4168734491315138,1.4,2.6,0.0
271,RB,Dan Vitale,GB,0.0,0.26799007444168743,-0.29776674937965275,1.0,1.9,0.0
2271,TE,Ross Dwelley,SF,0.0,0.29776674937965275,-0.29776674937965275,1.0,2.0,0.0
272,RB,Byron Marshall,WAS,0.0,0.0,0.0,0.0,0.0,0.0
273,RB,Elijah Holyfield,CAR,0.0,0.0,0.0,0.0,0.0,0.0
274,RB,Cethan Carter,CIN,0.0,0.0,0.0,0.0,0.0,0.0
275,RB,Bo Scarbrough,SEA,0.0,0.0,0.0,0.0,0.0,0.0
276,RB,Devine Ozigbo,NO,0.0,0.0,0.0,0.0,0.0,0.0
277,RB,Karan Higdon,HOU,0.0,0.0,0.0,0.0,0.0,0.0
278,RB,Alex Barnes,TEN,0.0,0.0,0.0,0.0,0.0,0.0
279,RB,Khalfani Muhammad,DEN,0.0,0.0,0.0,0.0,0.0,0.0
280,RB,Quinton Flowers,CIN,0.0,0.0,0.0,0.0,0.0,0.0
281,RB,Isaiah Crowell,OAK,0.0,0.0,0.0,0.0,0.0,0.0
282,RB,Marcus Murphy,BUF,0.0,0.0,0.0,0.0,0.0,0.0
283,RB,Elijah Hood,CAR,0.0,0.0,0.0,0.0,0.0,0.0
284,RB,Cullen Gillaspia,HOU,0.0,0.0,0.0,0.0,0.0,0.0
285,RB,Malcolm Johnson,GB,0.0,0.0,0.0,0.0,0.0,0.0
286,RB,Chandler Cox,MIA,0.0,0.0,0.0,0.0,0.0,0.0
287,RB,Donnel Pumphrey,PHI,0.0,0.0,0.0,0.0,0.0,0.0
288,RB,David Williams,DEN,0.0,0.0,0.0,0.0,0.0,0.0
856,QB,Tyler Bray,CHI,0.0,0.0,0.0,0.0,0.0,0.0
857,QB,Brandon Allen,LAR,0.0,0.0,0.0,0.0,0.0,0.0
858,QB,Tyree Jackson,BUF,0.0,0.0,0.0,0.0,0.0,0.0
859,QB,Mason Rudolph,PIT,0.0,0.0,0.0,0.0,0.0,0.0
860,QB,Brett Rypien,DEN,0.0,0.0,0.0,0.0,0.0,0.0
861,QB,Chad Kelly,IND,0.0,0.0,0.0,0.0,0.0,0.0
862,QB,Kyle Allen,CAR,0.0,0.0,0.0,0.0,0.0,0.0
863,QB,Jake Rudock,MIA,0.0,0.0,0.0,0.0,0.0,0.0
864,QB,Easton Stick,LAC,0.0,0.0,0.0,0.0,0.0,0.0
865,QB,Ryan Griffin,TB,0.0,0.0,0.0,0.0,0.0,0.0
866,QB,David Fales,DET,0.0,0.0,0.0,0.0,0.0,0.0
867,QB,Cardale Jones,LAC,0.0,0.0,0.0,0.0,0.0,0.0
868,QB,Kevin Hogan,DEN,0.0,0.0,0.0,0.0,0.0,0.0
869,QB,Clayton Thorson,PHI,0.0,0.0,0.0,0.0,0.0,0.0
870,QB,Logan Woodside,TEN,0.0,0.0,0.0,0.0,0.0,0.0
871,QB,Nick Fitzgerald,TB,0.0,0.0,0.0,0.0,0.0,0.0
872,QB,Kyle Lauletta,NYG,0.0,0.0,0.0,0.0,0.0,0.0
873,QB,Joe Webb,HOU,0.0,0.0,0.0,0.0,0.0,0.0
874,QB,Tim Boyle,GB,0.0,0.0,0.0,0.0,0.0,0.0
875,QB,Davis Webb,NYJ,0.0,0.0,0.0,0.0,0.0,0.0
876,QB,Luke Falk,NYJ,0.0,0.0,0.0,0.0,0.0,0.0
877,QB,Mike White,DAL,0.0,0.0,0.0,0.0,0.0,0.0
878,QB,Kyle Sloter,MIN,0.0,0.0,0.0,0.0,0.0,0.0
879,QB,Cody Kessler,PHI,0.0,0.0,0.0,0.0,0.0,0.0
880,QB,Alex McGough,JAC,0.0,0.0,0.0,0.0,0.0,0.0
881,QB,Garrett Gilbert,CLE,0.0,0.0,0.0,0.0,0.0,0.0
882,QB,Nathan Peterman,OAK,0.0,0.0,0.0,0.0,0.0,0.0
883,QB,Alex Smith,WAS,0.0,0.0,0.0,0.0,0.0,0.0
884,QB,Alex Tanney,NYG,0.0,0.0,0.0,0.0,0.0,0.0
885,QB,Tanner Lee,JAC,0.0,0.0,0.0,0.0,0.0,0.0
886,QB,Jarrett Stidham,NE,0.0,0.0,0.0,0.0,0.0,0.0
2272,TE,Austin Traylor,DET,0.0,0.0,0.0,0.0,0.0,0.0
2273,TE,Moritz Bohringer,CIN,0.0,0.0,0.0,0.0,0.0,0.0
2274,TE,Mason Schreck,CIN,0.0,0.0,0.0,0.0,0.0,0.0
2275,TE,Troy Fumagalli,DEN,0.0,0.0,0.0,0.0,0.0,0.0
2276,TE,Temarrick Hemingway,CAR,0.0,0.0,0.0,0.0,0.0,0.0
2277,TE,Deon Yelder,KC,0.0,0.0,0.0,0.0,0.0,0.0
2278,TE,Bucky Hodges,NYJ,0.0,0.0,0.0,0.0,0.0,0.0
2279,TE,Donnie Ernsberger,TB,0.0,0.0,0.0,0.0,0.0,0.0
2280,TE,Tommy Sweeney,BUF,0.0,0.0,0.0,0.0,0.0,0.0
2281,TE,Garrett Dickerson,NYG,0.0,0.0,0.0,0.0,0.0,0.0
2282,TE,Vince Mayle,LAC,0.0,0.0,0.0,0.0,0.0,0.0
2283,TE,Ryan Hewitt,TEN,0.0,0.0,0.0,0.0,0.0,0.0
2284,TE,Cole Hikutini,MIN,0.0,0.0,0.0,0.0,0.0,0.0
2893,WR,Penny Hart,IND,0.0,0.0,0.0,0.0,0.0,0.0
2894,WR,Alonzo Russell,NYG,0.0,0.0,0.0,0.0,0.0,0.0
2895,WR,Brendan Langley,DEN,0.0,0.0,0.0,0.0,0.0,0.0
2896,WR,Joe Webb,HOU,0.0,0.0,0.0,0.0,0.0,0.0
2897,WR,Simmie Cobbs Jr.,NO,0.0,0.0,0.0,0.0,0.0,0.0
2898,WR,Ricardo Louis,MIA,0.0,0.0,0.0,0.0,0.0,0.0
2899,WR,Ashton Dulin,IND,0.0,0.0,0.0,0.0,0.0,0.0
2900,WR,Austin Proehl,LAR,0.0,0.0,0.0,0.0,0.0,0.0
2901,WR,Carlton Agudosi,PHI,0.0,0.0,0.0,0.0,0.0,0.0
2902,WR,John Ursua,SEA,0.0,0.0,0.0,0.0,0.0,0.0
2903,WR,Tyre Brady,JAC,0.0,0.0,0.0,0.0,0.0,0.0
2904,WR,Terry Godwin,CAR,0.0,0.0,0.0,0.0,0.0,0.0
2905,WR,Antoine Wesley,BAL,0.0,0.0,0.0,0.0,0.0,0.0
2906,WR,Chris Thompson,WAS,0.0,0.0,0.0,0.0,0.0,0.0
2907,WR,Kelvin McKnight,DEN,0.0,0.0,0.0,0.0,0.0,0.0
2908,WR,Emanuel Hall,CHI,0.0,0.0,0.0,0.0,0.0,0.0
2909,WR,Taquan Mizzell,CHI,0.0,0.0,0.0,0.0,0.0,0.0
2910,WR,Jalen Tolliver,TEN,0.0,0.0,0.0,0.0,0.0,0.0
2911,WR,Marken Michel,PHI,0.0,0.0,0.0,0.0,0.0,0.0
2912,WR,Jawill Davis,GB,0.0,0.0,0.0,0.0,0.0,0.0
2913,WR,Dillon Mitchell,MIN,0.0,0.0,0.0,0.0,0.0,0.0
2914,WR,Josh Gordon,NE,0.0,0.0,0.0,0.0,0.0,0.0
2915,WR,Danny Etling,NE,0.0,0.0,0.0,0.0,0.0,0.0
2916,WR,Robert Davis,WAS,0.0,0.0,0.0,0.0,0.0,0.0
2917,WR,Da'Mari Scott,BUF,0.0,0.0,0.0,0.0,0.0,0.0
2918,WR,Jester Weah,HOU,0.0,0.0,0.0,0.0,0.0,0.0
2919,WR,Tre McBride,JAC,0.0,0.0,0.0,0.0,0.0,0.0
0,,,,,,,,,
1,,,,,,,,,
2,,,,,,,,,
3,,,,,,,,,
4,,,,,,,,,
5,,,,,,,,,
6,,,,,,,,,
7,,,,,,,,,
8,,,,,,,,,
9,,,,,,,,,
10,,,,,,,,,
11,,,,,,,,,
12,,,,,,,,,
13,,,,,,,,,
14,,,,,,,,,
15,,,,,,,,,
16,,,,,,,,,
17,,,,,,,,,
18,,,,,,,,,
19,,,,,,,,,
20,,,,,,,,,
21,,,,,,,,,
22,,,,,,,,,
23,,,,,,,,,
24,,,,,,,,,
25,,,,,,,,,
26,,,,,,,,,
27,,,,,,,,,
28,,,,,,,,,
29,,,,,,,,,
30,,,,,,,,,
31,,,,,,,,,
32,,,,,,,,,
33,,,,,,,,,
34,,,,,,,,,
35,,,,,,,,,
36,,,,,,,,,
37,,,,,,,,,
38,,,,,,,,,
39,,,,,,,,,
40,,,,,,,,,
41,,,,,,,,,
42,,,,,,,,,
43,,,,,,,,,
44,,,,,,,,,
45,,,,,,,,,
46,,,,,,,,,
47,,,,,,,,,
48,,,,,,,,,
49,,,,,,,,,
50,,,,,,,,,
51,,,,,,,,,
52,,,,,,,,,
53,,,,,,,,,
54,,,,,,,,,
55,,,,,,,,,
56,,,,,,,,,
57,,,,,,,,,
58,,,,,,,,,
59,,,,,,,,,
60,,,,,,,,,
61,,,,,,,,,
62,,,,,,,,,
63,,,,,,,,,
64,,,,,,,,,
65,,,,,,,,,
66,,,,,,,,,
67,,,,,,,,,
68,,,,,,,,,
69,,,,,,,,,
70,,,,,,,,,
71,,,,,,,,,
72,,,,,,,,,
73,,,,,,,,,
74,,,,,,,,,
75,,,,,,,,,
76,,,,,,,,,
77,,,,,,,,,
78,,,,,,,,,
79,,,,,,,,,
80,,,,,,,,,
81,,,,,,,,,
82,,,,,,,,,
83,,,,,,,,,
84,,,,,,,,,
85,,,,,,,,,
86,,,,,,,,,
87,,,,,,,,,
88,,,,,,,,,
89,,,,,,,,,
90,,,,,,,,,
91,,,,,,,,,
92,,,,,,,,,
93,,,,,,,,,
94,,,,,,,,,
95,,,,,,,,,
96,,,,,,,,,
97,,,,,,,,,
98,,,,,,,,,
99,,,,,,,,,
100,,,,,,,,,
101,,,,,,,,,
289,,,,,,,,,
290,,,,,,,,,
291,,,,,,,,,
292,,,,,,,,,
293,,,,,,,,,
294,,,,,,,,,
295,,,,,,,,,
296,,,,,,,,,
297,,,,,,,,,
298,,,,,,,,,
299,,,,,,,,,
300,,,,,,,,,
301,,,,,,,,,
302,,,,,,,,,
303,,,,,,,,,
304,,,,,,,,,
305,,,,,,,,,
306,,,,,,,,,
307,,,,,,,,,
308,,,,,,,,,
309,,,,,,,,,
310,,,,,,,,,
311,,,,,,,,,
312,,,,,,,,,
313,,,,,,,,,
314,,,,,,,,,
315,,,,,,,,,
316,,,,,,,,,
317,,,,,,,,,
318,,,,,,,,,
319,,,,,,,,,
320,,,,,,,,,
321,,,,,,,,,
322,,,,,,,,,
323,,,,,,,,,
324,,,,,,,,,
325,,,,,,,,,
326,,,,,,,,,
327,,,,,,,,,
328,,,,,,,,,
329,,,,,,,,,
330,,,,,,,,,
331,,,,,,,,,
332,,,,,,,,,
333,,,,,,,,,
334,,,,,,,,,
335,,,,,,,,,
336,,,,,,,,,
337,,,,,,,,,
338,,,,,,,,,
339,,,,,,,,,
340,,,,,,,,,
341,,,,,,,,,
342,,,,,,,,,
343,,,,,,,,,
344,,,,,,,,,
345,,,,,,,,,
346,,,,,,,,,
347,,,,,,,,,
348,,,,,,,,,
349,,,,,,,,,
350,,,,,,,,,
351,,,,,,,,,
352,,,,,,,,,
353,,,,,,,,,
354,,,,,,,,,
355,,,,,,,,,
356,,,,,,,,,
357,,,,,,,,,
358,,,,,,,,,
359,,,,,,,,,
360,,,,,,,,,
361,,,,,,,,,
362,,,,,,,,,
363,,,,,,,,,
364,,,,,,,,,
365,,,,,,,,,
366,,,,,,,,,
367,,,,,,,,,
368,,,,,,,,,
369,,,,,,,,,
370,,,,,,,,,
371,,,,,,,,,
372,,,,,,,,,
373,,,,,,,,,
374,,,,,,,,,
375,,,,,,,,,
376,,,,,,,,,
377,,,,,,,,,
378,,,,,,,,,
379,,,,,,,,,
380,,,,,,,,,
381,,,,,,,,,
382,,,,,,,,,
383,,,,,,,,,
384,,,,,,,,,
385,,,,,,,,,
386,,,,,,,,,
387,,,,,,,,,
388,,,,,,,,,
389,,,,,,,,,
390,,,,,,,,,
391,,,,,,,,,
392,,,,,,,,,
393,,,,,,,,,
394,,,,,,,,,
395,,,,,,,,,
396,,,,,,,,,
397,,,,,,,,,
398,,,,,,,,,
399,,,,,,,,,
400,,,,,,,,,
401,,,,,,,,,
402,,,,,,,,,
403,,,,,,,,,
404,,,,,,,,,
405,,,,,,,,,
406,,,,,,,,,
407,,,,,,,,,
408,,,,,,,,,
409,,,,,,,,,
410,,,,,,,,,
411,,,,,,,,,
412,,,,,,,,,
413,,,,,,,,,
414,,,,,,,,,
415,,,,,,,,,
416,,,,,,,,,
417,,,,,,,,,
418,,,,,,,,,
419,,,,,,,,,
420,,,,,,,,,
421,,,,,,,,,
422,,,,,,,,,
423,,,,,,,,,
424,,,,,,,,,
425,,,,,,,,,
426,,,,,,,,,
427,,,,,,,,,
428,,,,,,,,,
429,,,,,,,,,
430,,,,,,,,,
431,,,,,,,,,
432,,,,,,,,,
433,,,,,,,,,
434,,,,,,,,,
435,,,,,,,,,
436,,,,,,,,,
437,,,,,,,,,
438,,,,,,,,,
439,,,,,,,,,
440,,,,,,,,,
441,,,,,,,,,
442,,,,,,,,,
443,,,,,,,,,
444,,,,,,,,,
445,,,,,,,,,
446,,,,,,,,,
447,,,,,,,,,
448,,,,,,,,,
449,,,,,,,,,
450,,,,,,,,,
451,,,,,,,,,
452,,,,,,,,,
453,,,,,,,,,
454,,,,,,,,,
455,,,,,,,,,
456,,,,,,,,,
457,,,,,,,,,
458,,,,,,,,,
459,,,,,,,,,
460,,,,,,,,,
461,,,,,,,,,
462,,,,,,,,,
463,,,,,,,,,
464,,,,,,,,,
465,,,,,,,,,
466,,,,,,,,,
467,,,,,,,,,
468,,,,,,,,,
469,,,,,,,,,
470,,,,,,,,,
471,,,,,,,,,
472,,,,,,,,,
473,,,,,,,,,
474,,,,,,,,,
475,,,,,,,,,
476,,,,,,,,,
477,,,,,,,,,
478,,,,,,,,,
479,,,,,,,,,
480,,,,,,,,,
481,,,,,,,,,
482,,,,,,,,,
483,,,,,,,,,
484,,,,,,,,,
485,,,,,,,,,
486,,,,,,,,,
487,,,,,,,,,
488,,,,,,,,,
489,,,,,,,,,
490,,,,,,,,,
491,,,,,,,,,
492,,,,,,,,,
493,,,,,,,,,
494,,,,,,,,,
495,,,,,,,,,
496,,,,,,,,,
497,,,,,,,,,
498,,,,,,,,,
499,,,,,,,,,
500,,,,,,,,,
501,,,,,,,,,
502,,,,,,,,,
503,,,,,,,,,
504,,,,,,,,,
505,,,,,,,,,
506,,,,,,,,,
507,,,,,,,,,
508,,,,,,,,,
509,,,,,,,,,
510,,,,,,,,,
511,,,,,,,,,
512,,,,,,,,,
513,,,,,,,,,
514,,,,,,,,,
515,,,,,,,,,
516,,,,,,,,,
517,,,,,,,,,
518,,,,,,,,,
519,,,,,,,,,
520,,,,,,,,,
521,,,,,,,,,
522,,,,,,,,,
523,,,,,,,,,
524,,,,,,,,,
525,,,,,,,,,
526,,,,,,,,,
527,,,,,,,,,
528,,,,,,,,,
529,,,,,,,,,
530,,,,,,,,,
531,,,,,,,,,
532,,,,,,,,,
533,,,,,,,,,
534,,,,,,,,,
535,,,,,,,,,
536,,,,,,,,,
537,,,,,,,,,
538,,,,,,,,,
539,,,,,,,,,
540,,,,,,,,,
541,,,,,,,,,
542,,,,,,,,,
543,,,,,,,,,
544,,,,,,,,,
545,,,,,,,,,
546,,,,,,,,,
547,,,,,,,,,
548,,,,,,,,,
549,,,,,,,,,
550,,,,,,,,,
551,,,,,,,,,
552,,,,,,,,,
553,,,,,,,,,
554,,,,,,,,,
555,,,,,,,,,
556,,,,,,,,,
557,,,,,,,,,
558,,,,,,,,,
559,,,,,,,,,
560,,,,,,,,,
561,,,,,,,,,
562,,,,,,,,,
563,,,,,,,,,
564,,,,,,,,,
565,,,,,,,,,
566,,,,,,,,,
567,,,,,,,,,
568,,,,,,,,,
569,,,,,,,,,
570,,,,,,,,,
571,,,,,,,,,
572,,,,,,,,,
573,,,,,,,,,
574,,,,,,,,,
575,,,,,,,,,
576,,,,,,,,,
577,,,,,,,,,
578,,,,,,,,,
579,,,,,,,,,
580,,,,,,,,,
581,,,,,,,,,
582,,,,,,,,,
583,,,,,,,,,
584,,,,,,,,,
585,,,,,,,,,
586,,,,,,,,,
587,,,,,,,,,
588,,,,,,,,,
589,,,,,,,,,
590,,,,,,,,,
591,,,,,,,,,
592,,,,,,,,,
593,,,,,,,,,
594,,,,,,,,,
595,,,,,,,,,
596,,,,,,,,,
597,,,,,,,,,
598,,,,,,,,,
599,,,,,,,,,
600,,,,,,,,,
601,,,,,,,,,
602,,,,,,,,,
603,,,,,,,,,
604,,,,,,,,,
605,,,,,,,,,
606,,,,,,,,,
607,,,,,,,,,
608,,,,,,,,,
609,,,,,,,,,
610,,,,,,,,,
611,,,,,,,,,
612,,,,,,,,,
613,,,,,,,,,
614,,,,,,,,,
615,,,,,,,,,
616,,,,,,,,,
617,,,,,,,,,
618,,,,,,,,,
619,,,,,,,,,
620,,,,,,,,,
621,,,,,,,,,
622,,,,,,,,,
623,,,,,,,,,
624,,,,,,,,,
625,,,,,,,,,
626,,,,,,,,,
627,,,,,,,,,
628,,,,,,,,,
629,,,,,,,,,
630,,,,,,,,,
631,,,,,,,,,
632,,,,,,,,,
633,,,,,,,,,
634,,,,,,,,,
635,,,,,,,,,
636,,,,,,,,,
637,,,,,,,,,
638,,,,,,,,,
639,,,,,,,,,
640,,,,,,,,,
641,,,,,,,,,
642,,,,,,,,,
643,,,,,,,,,
644,,,,,,,,,
645,,,,,,,,,
646,,,,,,,,,
647,,,,,,,,,
648,,,,,,,,,
649,,,,,,,,,
650,,,,,,,,,
651,,,,,,,,,
652,,,,,,,,,
653,,,,,,,,,
654,,,,,,,,,
655,,,,,,,,,
656,,,,,,,,,
657,,,,,,,,,
658,,,,,,,,,
659,,,,,,,,,
660,,,,,,,,,
661,,,,,,,,,
662,,,,,,,,,
663,,,,,,,,,
664,,,,,,,,,
665,,,,,,,,,
666,,,,,,,,,
667,,,,,,,,,
668,,,,,,,,,
669,,,,,,,,,
670,,,,,,,,,
671,,,,,,,,,
672,,,,,,,,,
673,,,,,,,,,
674,,,,,,,,,
675,,,,,,,,,
676,,,,,,,,,
677,,,,,,,,,
678,,,,,,,,,
679,,,,,,,,,
680,,,,,,,,,
681,,,,,,,,,
682,,,,,,,,,
683,,,,,,,,,
684,,,,,,,,,
685,,,,,,,,,
686,,,,,,,,,
687,,,,,,,,,
688,,,,,,,,,
689,,,,,,,,,
690,,,,,,,,,
691,,,,,,,,,
692,,,,,,,,,
693,,,,,,,,,
694,,,,,,,,,
695,,,,,,,,,
696,,,,,,,,,
697,,,,,,,,,
698,,,,,,,,,
699,,,,,,,,,
700,,,,,,,,,
701,,,,,,,,,
702,,,,,,,,,
703,,,,,,,,,
704,,,,,,,,,
705,,,,,,,,,
706,,,,,,,,,
707,,,,,,,,,
708,,,,,,,,,
709,,,,,,,,,
710,,,,,,,,,
711,,,,,,,,,
712,,,,,,,,,
713,,,,,,,,,
714,,,,,,,,,
715,,,,,,,,,
716,,,,,,,,,
717,,,,,,,,,
718,,,,,,,,,
719,,,,,,,,,
720,,,,,,,,,
721,,,,,,,,,
722,,,,,,,,,
723,,,,,,,,,
724,,,,,,,,,
725,,,,,,,,,
726,,,,,,,,,
727,,,,,,,,,
728,,,,,,,,,
729,,,,,,,,,
730,,,,,,,,,
731,,,,,,,,,
732,,,,,,,,,
733,,,,,,,,,
734,,,,,,,,,
735,,,,,,,,,
736,,,,,,,,,
737,,,,,,,,,
738,,,,,,,,,
739,,,,,,,,,
740,,,,,,,,,
741,,,,,,,,,
742,,,,,,,,,
743,,,,,,,,,
744,,,,,,,,,
745,,,,,,,,,
746,,,,,,,,,
747,,,,,,,,,
748,,,,,,,,,
749,,,,,,,,,
750,,,,,,,,,
751,,,,,,,,,
752,,,,,,,,,
753,,,,,,,,,
754,,,,,,,,,
755,,,,,,,,,
756,,,,,,,,,
757,,,,,,,,,
758,,,,,,,,,
759,,,,,,,,,
760,,,,,,,,,
761,,,,,,,,,
762,,,,,,,,,
763,,,,,,,,,
764,,,,,,,,,
765,,,,,,,,,
766,,,,,,,,,
767,,,,,,,,,
768,,,,,,,,,
769,,,,,,,,,
770,,,,,,,,,
771,,,,,,,,,
772,,,,,,,,,
773,,,,,,,,,
774,,,,,,,,,
775,,,,,,,,,
776,,,,,,,,,
777,,,,,,,,,
778,,,,,,,,,
779,,,,,,,,,
780,,,,,,,,,
781,,,,,,,,,
782,,,,,,,,,
783,,,,,,,,,
784,,,,,,,,,
887,,,,,,,,,
888,,,,,,,,,
889,,,,,,,,,
890,,,,,,,,,
891,,,,,,,,,
892,,,,,,,,,
893,,,,,,,,,
894,,,,,,,,,
895,,,,,,,,,
896,,,,,,,,,
897,,,,,,,,,
898,,,,,,,,,
899,,,,,,,,,
900,,,,,,,,,
901,,,,,,,,,
902,,,,,,,,,
903,,,,,,,,,
904,,,,,,,,,
905,,,,,,,,,
906,,,,,,,,,
907,,,,,,,,,
908,,,,,,,,,
909,,,,,,,,,
910,,,,,,,,,
911,,,,,,,,,
912,,,,,,,,,
913,,,,,,,,,
914,,,,,,,,,
915,,,,,,,,,
916,,,,,,,,,
917,,,,,,,,,
918,,,,,,,,,
919,,,,,,,,,
920,,,,,,,,,
921,,,,,,,,,
922,,,,,,,,,
923,,,,,,,,,
924,,,,,,,,,
925,,,,,,,,,
926,,,,,,,,,
927,,,,,,,,,
928,,,,,,,,,
929,,,,,,,,,
930,,,,,,,,,
931,,,,,,,,,
932,,,,,,,,,
933,,,,,,,,,
934,,,,,,,,,
935,,,,,,,,,
936,,,,,,,,,
937,,,,,,,,,
938,,,,,,,,,
939,,,,,,,,,
940,,,,,,,,,
941,,,,,,,,,
942,,,,,,,,,
943,,,,,,,,,
944,,,,,,,,,
945,,,,,,,,,
946,,,,,,,,,
947,,,,,,,,,
948,,,,,,,,,
949,,,,,,,,,
950,,,,,,,,,
951,,,,,,,,,
952,,,,,,,,,
953,,,,,,,,,
954,,,,,,,,,
955,,,,,,,,,
956,,,,,,,,,
957,,,,,,,,,
958,,,,,,,,,
959,,,,,,,,,
960,,,,,,,,,
961,,,,,,,,,
962,,,,,,,,,
963,,,,,,,,,
964,,,,,,,,,
965,,,,,,,,,
966,,,,,,,,,
967,,,,,,,,,
968,,,,,,,,,
969,,,,,,,,,
970,,,,,,,,,
971,,,,,,,,,
972,,,,,,,,,
973,,,,,,,,,
974,,,,,,,,,
975,,,,,,,,,
976,,,,,,,,,
977,,,,,,,,,
978,,,,,,,,,
979,,,,,,,,,
980,,,,,,,,,
981,,,,,,,,,
982,,,,,,,,,
983,,,,,,,,,
984,,,,,,,,,
985,,,,,,,,,
986,,,,,,,,,
987,,,,,,,,,
988,,,,,,,,,
989,,,,,,,,,
990,,,,,,,,,
991,,,,,,,,,
992,,,,,,,,,
993,,,,,,,,,
994,,,,,,,,,
995,,,,,,,,,
996,,,,,,,,,
997,,,,,,,,,
998,,,,,,,,,
999,,,,,,,,,
1000,,,,,,,,,
1001,,,,,,,,,
1002,,,,,,,,,
1003,,,,,,,,,
1004,,,,,,,,,
1005,,,,,,,,,
1006,,,,,,,,,
1007,,,,,,,,,
1008,,,,,,,,,
1009,,,,,,,,,
1010,,,,,,,,,
1011,,,,,,,,,
1012,,,,,,,,,
1013,,,,,,,,,
1014,,,,,,,,,
1015,,,,,,,,,
1016,,,,,,,,,
1017,,,,,,,,,
1018,,,,,,,,,
1019,,,,,,,,,
1020,,,,,,,,,
1021,,,,,,,,,
1022,,,,,,,,,
1023,,,,,,,,,
1024,,,,,,,,,
1025,,,,,,,,,
1026,,,,,,,,,
1027,,,,,,,,,
1028,,,,,,,,,
1029,,,,,,,,,
1030,,,,,,,,,
1031,,,,,,,,,
1032,,,,,,,,,
1033,,,,,,,,,
1034,,,,,,,,,
1035,,,,,,,,,
1036,,,,,,,,,
1037,,,,,,,,,
1038,,,,,,,,,
1039,,,,,,,,,
1040,,,,,,,,,
1041,,,,,,,,,
1042,,,,,,,,,
1043,,,,,,,,,
1044,,,,,,,,,
1045,,,,,,,,,
1046,,,,,,,,,
1047,,,,,,,,,
1048,,,,,,,,,
1049,,,,,,,,,
1050,,,,,,,,,
1051,,,,,,,,,
1052,,,,,,,,,
1053,,,,,,,,,
1054,,,,,,,,,
1055,,,,,,,,,
1056,,,,,,,,,
1057,,,,,,,,,
1058,,,,,,,,,
1059,,,,,,,,,
1060,,,,,,,,,
1061,,,,,,,,,
1062,,,,,,,,,
1063,,,,,,,,,
1064,,,,,,,,,
1065,,,,,,,,,
1066,,,,,,,,,
1067,,,,,,,,,
1068,,,,,,,,,
1069,,,,,,,,,
1070,,,,,,,,,
1071,,,,,,,,,
1072,,,,,,,,,
1073,,,,,,,,,
1074,,,,,,,,,
1075,,,,,,,,,
1076,,,,,,,,,
1077,,,,,,,,,
1078,,,,,,,,,
1079,,,,,,,,,
1080,,,,,,,,,
1081,,,,,,,,,
1082,,,,,,,,,
1083,,,,,,,,,
1084,,,,,,,,,
1085,,,,,,,,,
1086,,,,,,,,,
1087,,,,,,,,,
1088,,,,,,,,,
1089,,,,,,,,,
1090,,,,,,,,,
1091,,,,,,,,,
1092,,,,,,,,,
1093,,,,,,,,,
1094,,,,,,,,,
1095,,,,,,,,,
1096,,,,,,,,,
1097,,,,,,,,,
1098,,,,,,,,,
1099,,,,,,,,,
1100,,,,,,,,,
1101,,,,,,,,,
1102,,,,,,,,,
1103,,,,,,,,,
1104,,,,,,,,,
1105,,,,,,,,,
1106,,,,,,,,,
1107,,,,,,,,,
1108,,,,,,,,,
1109,,,,,,,,,
1110,,,,,,,,,
1111,,,,,,,,,
1112,,,,,,,,,
1113,,,,,,,,,
1114,,,,,,,,,
1115,,,,,,,,,
1116,,,,,,,,,
1117,,,,,,,,,
1118,,,,,,,,,
1119,,,,,,,,,
1120,,,,,,,,,
1121,,,,,,,,,
1122,,,,,,,,,
1123,,,,,,,,,
1124,,,,,,,,,
1125,,,,,,,,,
1126,,,,,,,,,
1127,,,,,,,,,
1128,,,,,,,,,
1129,,,,,,,,,
1130,,,,,,,,,
1131,,,,,,,,,
1132,,,,,,,,,
1133,,,,,,,,,
1134,,,,,,,,,
1135,,,,,,,,,
1136,,,,,,,,,
1137,,,,,,,,,
1138,,,,,,,,,
1139,,,,,,,,,
1140,,,,,,,,,
1141,,,,,,,,,
1142,,,,,,,,,
1143,,,,,,,,,
1144,,,,,,,,,
1145,,,,,,,,,
1146,,,,,,,,,
1147,,,,,,,,,
1148,,,,,,,,,
1149,,,,,,,,,
1150,,,,,,,,,
1151,,,,,,,,,
1152,,,,,,,,,
1153,,,,,,,,,
1154,,,,,,,,,
1155,,,,,,,,,
1156,,,,,,,,,
1157,,,,,,,,,
1158,,,,,,,,,
1159,,,,,,,,,
1160,,,,,,,,,
1161,,,,,,,,,
1162,,,,,,,,,
1163,,,,,,,,,
1164,,,,,,,,,
1165,,,,,,,,,
1166,,,,,,,,,
1167,,,,,,,,,
1168,,,,,,,,,
1169,,,,,,,,,
1170,,,,,,,,,
1171,,,,,,,,,
1172,,,,,,,,,
1173,,,,,,,,,
1174,,,,,,,,,
1175,,,,,,,,,
1176,,,,,,,,,
1177,,,,,,,,,
1178,,,,,,,,,
1179,,,,,,,,,
1180,,,,,,,,,
1181,,,,,,,,,
1182,,,,,,,,,
1183,,,,,,,,,
1184,,,,,,,,,
1185,,,,,,,,,
1186,,,,,,,,,
1187,,,,,,,,,
1188,,,,,,,,,
1189,,,,,,,,,
1190,,,,,,,,,
1191,,,,,,,,,
1192,,,,,,,,,
1193,,,,,,,,,
1194,,,,,,,,,
1195,,,,,,,,,
1196,,,,,,,,,
1197,,,,,,,,,
1198,,,,,,,,,
1199,,,,,,,,,
1200,,,,,,,,,
1201,,,,,,,,,
1202,,,,,,,,,
1203,,,,,,,,,
1204,,,,,,,,,
1205,,,,,,,,,
1206,,,,,,,,,
1207,,,,,,,,,
1208,,,,,,,,,
1209,,,,,,,,,
1210,,,,,,,,,
1211,,,,,,,,,
1212,,,,,,,,,
1213,,,,,,,,,
1214,,,,,,,,,
1215,,,,,,,,,
1216,,,,,,,,,
1217,,,,,,,,,
1218,,,,,,,,,
1219,,,,,,,,,
1220,,,,,,,,,
1221,,,,,,,,,
1222,,,,,,,,,
1223,,,,,,,,,
1224,,,,,,,,,
1225,,,,,,,,,
1226,,,,,,,,,
1227,,,,,,,,,
1228,,,,,,,,,
1229,,,,,,,,,
1230,,,,,,,,,
1231,,,,,,,,,
1232,,,,,,,,,
1233,,,,,,,,,
1234,,,,,,,,,
1235,,,,,,,,,
1236,,,,,,,,,
1237,,,,,,,,,
1238,,,,,,,,,
1239,,,,,,,,,
1240,,,,,,,,,
1241,,,,,,,,,
1242,,,,,,,,,
1243,,,,,,,,,
1244,,,,,,,,,
1245,,,,,,,,,
1246,,,,,,,,,
1247,,,,,,,,,
1248,,,,,,,,,
1249,,,,,,,,,
1250,,,,,,,,,
1251,,,,,,,,,
1252,,,,,,,,,
1253,,,,,,,,,
1254,,,,,,,,,
1255,,,,,,,,,
1256,,,,,,,,,
1257,,,,,,,,,
1258,,,,,,,,,
1259,,,,,,,,,
1260,,,,,,,,,
1261,,,,,,,,,
1262,,,,,,,,,
1263,,,,,,,,,
1264,,,,,,,,,
1265,,,,,,,,,
1266,,,,,,,,,
1267,,,,,,,,,
1268,,,,,,,,,
1269,,,,,,,,,
1270,,,,,,,,,
1271,,,,,,,,,
1272,,,,,,,,,
1273,,,,,,,,,
1274,,,,,,,,,
1275,,,,,,,,,
1276,,,,,,,,,
1277,,,,,,,,,
1278,,,,,,,,,
1279,,,,,,,,,
1280,,,,,,,,,
1281,,,,,,,,,
1282,,,,,,,,,
1283,,,,,,,,,
1284,,,,,,,,,
1285,,,,,,,,,
1286,,,,,,,,,
1287,,,,,,,,,
1288,,,,,,,,,
1289,,,,,,,,,
1290,,,,,,,,,
1291,,,,,,,,,
1292,,,,,,,,,
1293,,,,,,,,,
1294,,,,,,,,,
1295,,,,,,,,,
1296,,,,,,,,,
1297,,,,,,,,,
1298,,,,,,,,,
1299,,,,,,,,,
1300,,,,,,,,,
1301,,,,,,,,,
1302,,,,,,,,,
1303,,,,,,,,,
1304,,,,,,,,,
1305,,,,,,,,,
1306,,,,,,,,,
1307,,,,,,,,,
1308,,,,,,,,,
1309,,,,,,,,,
1310,,,,,,,,,
1311,,,,,,,,,
1312,,,,,,,,,
1313,,,,,,,,,
1314,,,,,,,,,
1315,,,,,,,,,
1316,,,,,,,,,
1317,,,,,,,,,
1318,,,,,,,,,
1319,,,,,,,,,
1320,,,,,,,,,
1321,,,,,,,,,
1322,,,,,,,,,
1323,,,,,,,,,
1324,,,,,,,,,
1325,,,,,,,,,
1326,,,,,,,,,
1327,,,,,,,,,
1328,,,,,,,,,
1329,,,,,,,,,
1330,,,,,,,,,
1331,,,,,,,,,
1332,,,,,,,,,
1333,,,,,,,,,
1334,,,,,,,,,
1335,,,,,,,,,
1336,,,,,,,,,
1337,,,,,,,,,
1338,,,,,,,,,
1339,,,,,,,,,
1340,,,,,,,,,
1341,,,,,,,,,
1342,,,,,,,,,
1343,,,,,,,,,
1344,,,,,,,,,
1345,,,,,,,,,
1346,,,,,,,,,
1347,,,,,,,,,
1348,,,,,,,,,
1349,,,,,,,,,
1350,,,,,,,,,
1351,,,,,,,,,
1352,,,,,,,,,
1353,,,,,,,,,
1354,,,,,,,,,
1355,,,,,,,,,
1356,,,,,,,,,
1357,,,,,,,,,
1358,,,,,,,,,
1359,,,,,,,,,
1360,,,,,,,,,
1361,,,,,,,,,
1362,,,,,,,,,
1363,,,,,,,,,
1364,,,,,,,,,
1365,,,,,,,,,
1366,,,,,,,,,
1367,,,,,,,,,
1368,,,,,,,,,
1369,,,,,,,,,
1370,,,,,,,,,
1371,,,,,,,,,
1372,,,,,,,,,
1373,,,,,,,,,
1374,,,,,,,,,
1375,,,,,,,,,
1376,,,,,,,,,
1377,,,,,,,,,
1378,,,,,,,,,
1379,,,,,,,,,
1380,,,,,,,,,
1381,,,,,,,,,
1382,,,,,,,,,
1383,,,,,,,,,
1384,,,,,,,,,
1385,,,,,,,,,
1386,,,,,,,,,
1387,,,,,,,,,
1388,,,,,,,,,
1389,,,,,,,,,
1390,,,,,,,,,
1391,,,,,,,,,
1392,,,,,,,,,
1393,,,,,,,,,
1394,,,,,,,,,
1395,,,,,,,,,
1396,,,,,,,,,
1397,,,,,,,,,
1398,,,,,,,,,
1399,,,,,,,,,
1400,,,,,,,,,
1401,,,,,,,,,
1402,,,,,,,,,
1403,,,,,,,,,
1404,,,,,,,,,
1405,,,,,,,,,
1406,,,,,,,,,
1407,,,,,,,,,
1408,,,,,,,,,
1409,,,,,,,,,
1410,,,,,,,,,
1411,,,,,,,,,
1412,,,,,,,,,
1413,,,,,,,,,
1414,,,,,,,,,
1415,,,,,,,,,
1416,,,,,,,,,
1417,,,,,,,,,
1418,,,,,,,,,
1419,,,,,,,,,
1420,,,,,,,,,
1421,,,,,,,,,
1422,,,,,,,,,
1423,,,,,,,,,
1424,,,,,,,,,
1425,,,,,,,,,
1426,,,,,,,,,
1427,,,,,,,,,
1428,,,,,,,,,
1429,,,,,,,,,
1430,,,,,,,,,
1431,,,,,,,,,
1432,,,,,,,,,
1433,,,,,,,,,
1434,,,,,,,,,
1435,,,,,,,,,
1436,,,,,,,,,
1437,,,,,,,,,
1438,,,,,,,,,
1439,,,,,,,,,
1440,,,,,,,,,
1441,,,,,,,,,
1442,,,,,,,,,
1443,,,,,,,,,
1444,,,,,,,,,
1445,,,,,,,,,
1446,,,,,,,,,
1447,,,,,,,,,
1448,,,,,,,,,
1449,,,,,,,,,
1450,,,,,,,,,
1451,,,,,,,,,
1452,,,,,,,,,
1453,,,,,,,,,
1454,,,,,,,,,
1455,,,,,,,,,
1456,,,,,,,,,
1457,,,,,,,,,
1458,,,,,,,,,
1459,,,,,,,,,
1460,,,,,,,,,
1461,,,,,,,,,
1462,,,,,,,,,
1463,,,,,,,,,
1464,,,,,,,,,
1465,,,,,,,,,
1466,,,,,,,,,
1467,,,,,,,,,
1468,,,,,,,,,
1469,,,,,,,,,
1470,,,,,,,,,
1471,,,,,,,,,
1472,,,,,,,,,
1473,,,,,,,,,
1474,,,,,,,,,
1475,,,,,,,,,
1476,,,,,,,,,
1477,,,,,,,,,
1478,,,,,,,,,
1479,,,,,,,,,
1480,,,,,,,,,
1481,,,,,,,,,
1482,,,,,,,,,
1483,,,,,,,,,
1484,,,,,,,,,
1485,,,,,,,,,
1486,,,,,,,,,
1487,,,,,,,,,
1488,,,,,,,,,
1489,,,,,,,,,
1490,,,,,,,,,
1491,,,,,,,,,
1492,,,,,,,,,
1493,,,,,,,,,
1494,,,,,,,,,
1495,,,,,,,,,
1496,,,,,,,,,
1497,,,,,,,,,
1498,,,,,,,,,
1499,,,,,,,,,
1500,,,,,,,,,
1501,,,,,,,,,
1502,,,,,,,,,
1503,,,,,,,,,
1504,,,,,,,,,
1505,,,,,,,,,
1506,,,,,,,,,
1507,,,,,,,,,
1508,,,,,,,,,
1509,,,,,,,,,
1510,,,,,,,,,
1511,,,,,,,,,
1512,,,,,,,,,
1513,,,,,,,,,
1514,,,,,,,,,
1515,,,,,,,,,
1516,,,,,,,,,
1517,,,,,,,,,
1518,,,,,,,,,
1519,,,,,,,,,
1520,,,,,,,,,
1521,,,,,,,,,
1522,,,,,,,,,
1523,,,,,,,,,
1524,,,,,,,,,
1525,,,,,,,,,
1526,,,,,,,,,
1527,,,,,,,,,
1528,,,,,,,,,
1529,,,,,,,,,
1530,,,,,,,,,
1531,,,,,,,,,
1532,,,,,,,,,
1533,,,,,,,,,
1534,,,,,,,,,
1535,,,,,,,,,
1536,,,,,,,,,
1537,,,,,,,,,
1538,,,,,,,,,
1539,,,,,,,,,
1540,,,,,,,,,
1541,,,,,,,,,
1542,,,,,,,,,
1543,,,,,,,,,
1544,,,,,,,,,
1545,,,,,,,,,
1546,,,,,,,,,
1547,,,,,,,,,
1548,,,,,,,,,
1549,,,,,,,,,
1550,,,,,,,,,
1551,,,,,,,,,
1552,,,,,,,,,
1553,,,,,,,,,
1554,,,,,,,,,
1555,,,,,,,,,
1556,,,,,,,,,
1557,,,,,,,,,
1558,,,,,,,,,
1559,,,,,,,,,
1560,,,,,,,,,
1561,,,,,,,,,
1562,,,,,,,,,
1563,,,,,,,,,
1564,,,,,,,,,
1565,,,,,,,,,
1566,,,,,,,,,
1567,,,,,,,,,
1568,,,,,,,,,
1569,,,,,,,,,
1570,,,,,,,,,
1571,,,,,,,,,
1572,,,,,,,,,
1573,,,,,,,,,
1574,,,,,,,,,
1575,,,,,,,,,
1576,,,,,,,,,
1577,,,,,,,,,
1578,,,,,,,,,
1579,,,,,,,,,
1580,,,,,,,,,
1581,,,,,,,,,
1582,,,,,,,,,
1583,,,,,,,,,
1584,,,,,,,,,
1585,,,,,,,,,
1586,,,,,,,,,
1587,,,,,,,,,
1588,,,,,,,,,
1589,,,,,,,,,
1590,,,,,,,,,
1591,,,,,,,,,
1592,,,,,,,,,
1593,,,,,,,,,
1594,,,,,,,,,
1595,,,,,,,,,
1596,,,,,,,,,
1597,,,,,,,,,
1598,,,,,,,,,
1599,,,,,,,,,
1600,,,,,,,,,
1601,,,,,,,,,
1602,,,,,,,,,
1603,,,,,,,,,
1604,,,,,,,,,
1605,,,,,,,,,
1606,,,,,,,,,
1607,,,,,,,,,
1608,,,,,,,,,
1609,,,,,,,,,
1610,,,,,,,,,
1611,,,,,,,,,
1612,,,,,,,,,
1613,,,,,,,,,
1614,,,,,,,,,
1615,,,,,,,,,
1616,,,,,,,,,
1617,,,,,,,,,
1618,,,,,,,,,
1619,,,,,,,,,
1620,,,,,,,,,
1621,,,,,,,,,
1622,,,,,,,,,
1623,,,,,,,,,
1624,,,,,,,,,
1625,,,,,,,,,
1626,,,,,,,,,
1627,,,,,,,,,
1628,,,,,,,,,
1629,,,,,,,,,
1630,,,,,,,,,
1631,,,,,,,,,
1632,,,,,,,,,
1633,,,,,,,,,
1634,,,,,,,,,
1635,,,,,,,,,
1636,,,,,,,,,
1637,,,,,,,,,
1638,,,,,,,,,
1639,,,,,,,,,
1640,,,,,,,,,
1641,,,,,,,,,
1642,,,,,,,,,
1643,,,,,,,,,
1644,,,,,,,,,
1645,,,,,,,,,
1646,,,,,,,,,
1647,,,,,,,,,
1648,,,,,,,,,
1649,,,,,,,,,
1650,,,,,,,,,
1651,,,,,,,,,
1652,,,,,,,,,
1653,,,,,,,,,
1654,,,,,,,,,
1655,,,,,,,,,
1656,,,,,,,,,
1657,,,,,,,,,
1658,,,,,,,,,
1659,,,,,,,,,
1660,,,,,,,,,
1661,,,,,,,,,
1662,,,,,,,,,
1663,,,,,,,,,
1664,,,,,,,,,
1665,,,,,,,,,
1666,,,,,,,,,
1667,,,,,,,,,
1668,,,,,,,,,
1669,,,,,,,,,
1670,,,,,,,,,
1671,,,,,,,,,
1672,,,,,,,,,
1673,,,,,,,,,
1674,,,,,,,,,
1675,,,,,,,,,
1676,,,,,,,,,
1677,,,,,,,,,
1678,,,,,,,,,
1679,,,,,,,,,
1680,,,,,,,,,
1681,,,,,,,,,
1682,,,,,,,,,
1683,,,,,,,,,
1684,,,,,,,,,
1685,,,,,,,,,
1686,,,,,,,,,
1687,,,,,,,,,
1688,,,,,,,,,
1689,,,,,,,,,
1690,,,,,,,,,
1691,,,,,,,,,
1692,,,,,,,,,
1693,,,,,,,,,
1694,,,,,,,,,
1695,,,,,,,,,
1696,,,,,,,,,
1697,,,,,,,,,
1698,,,,,,,,,
1699,,,,,,,,,
1700,,,,,,,,,
1701,,,,,,,,,
1702,,,,,,,,,
1703,,,,,,,,,
1704,,,,,,,,,
1705,,,,,,,,,
1706,,,,,,,,,
1707,,,,,,,,,
1708,,,,,,,,,
1709,,,,,,,,,
1710,,,,,,,,,
1711,,,,,,,,,
1712,,,,,,,,,
1713,,,,,,,,,
1714,,,,,,,,,
1715,,,,,,,,,
1716,,,,,,,,,
1717,,,,,,,,,
1718,,,,,,,,,
1719,,,,,,,,,
1720,,,,,,,,,
1721,,,,,,,,,
1722,,,,,,,,,
1723,,,,,,,,,
1724,,,,,,,,,
1725,,,,,,,,,
1726,,,,,,,,,
1727,,,,,,,,,
1728,,,,,,,,,
1729,,,,,,,,,
1730,,,,,,,,,
1731,,,,,,,,,
1732,,,,,,,,,
1733,,,,,,,,,
1734,,,,,,,,,
1735,,,,,,,,,
1736,,,,,,,,,
1737,,,,,,,,,
1738,,,,,,,,,
1739,,,,,,,,,
1740,,,,,,,,,
1741,,,,,,,,,
1742,,,,,,,,,
1743,,,,,,,,,
1744,,,,,,,,,
1745,,,,,,,,,
1746,,,,,,,,,
1747,,,,,,,,,
1748,,,,,,,,,
1749,,,,,,,,,
1750,,,,,,,,,
1751,,,,,,,,,
1752,,,,,,,,,
1753,,,,,,,,,
1754,,,,,,,,,
1755,,,,,,,,,
1756,,,,,,,,,
1757,,,,,,,,,
1758,,,,,,,,,
1759,,,,,,,,,
1760,,,,,,,,,
1761,,,,,,,,,
1762,,,,,,,,,
1763,,,,,,,,,
1764,,,,,,,,,
1765,,,,,,,,,
1766,,,,,,,,,
1767,,,,,,,,,
1768,,,,,,,,,
1769,,,,,,,,,
1770,,,,,,,,,
1771,,,,,,,,,
1772,,,,,,,,,
1773,,,,,,,,,
1774,,,,,,,,,
1775,,,,,,,,,
1776,,,,,,,,,
1777,,,,,,,,,
1778,,,,,,,,,
1779,,,,,,,,,
1780,,,,,,,,,
1781,,,,,,,,,
1782,,,,,,,,,
1783,,,,,,,,,
1784,,,,,,,,,
1785,,,,,,,,,
1786,,,,,,,,,
1787,,,,,,,,,
1788,,,,,,,,,
1789,,,,,,,,,
1790,,,,,,,,,
1791,,,,,,,,,
1792,,,,,,,,,
1793,,,,,,,,,
1794,,,,,,,,,
1795,,,,,,,,,
1796,,,,,,,,,
1797,,,,,,,,,
1798,,,,,,,,,
1799,,,,,,,,,
1800,,,,,,,,,
1801,,,,,,,,,
1802,,,,,,,,,
1803,,,,,,,,,
1804,,,,,,,,,
1805,,,,,,,,,
1806,,,,,,,,,
1807,,,,,,,,,
1808,,,,,,,,,
1809,,,,,,,,,
1810,,,,,,,,,
1811,,,,,,,,,
1812,,,,,,,,,
1813,,,,,,,,,
1814,,,,,,,,,
1815,,,,,,,,,
1816,,,,,,,,,
1817,,,,,,,,,
1818,,,,,,,,,
1819,,,,,,,,,
1820,,,,,,,,,
1821,,,,,,,,,
1822,,,,,,,,,
1823,,,,,,,,,
1824,,,,,,,,,
1825,,,,,,,,,
1826,,,,,,,,,
1827,,,,,,,,,
1828,,,,,,,,,
1829,,,,,,,,,
1830,,,,,,,,,
1831,,,,,,,,,
1832,,,,,,,,,
1833,,,,,,,,,
1834,,,,,,,,,
1835,,,,,,,,,
1836,,,,,,,,,
1837,,,,,,,,,
1838,,,,,,,,,
1839,,,,,,,,,
1840,,,,,,,,,
1841,,,,,,,,,
1842,,,,,,,,,
1843,,,,,,,,,
1844,,,,,,,,,
1845,,,,,,,,,
1846,,,,,,,,,
1847,,,,,,,,,
1848,,,,,,,,,
1849,,,,,,,,,
1850,,,,,,,,,
1851,,,,,,,,,
1852,,,,,,,,,
1853,,,,,,,,,
1854,,,,,,,,,
1855,,,,,,,,,
1856,,,,,,,,,
1857,,,,,,,,,
1858,,,,,,,,,
1859,,,,,,,,,
1860,,,,,,,,,
1861,,,,,,,,,
1862,,,,,,,,,
1863,,,,,,,,,
1864,,,,,,,,,
1865,,,,,,,,,
1866,,,,,,,,,
1867,,,,,,,,,
1868,,,,,,,,,
1869,,,,,,,,,
1870,,,,,,,,,
1871,,,,,,,,,
1872,,,,,,,,,
1873,,,,,,,,,
1874,,,,,,,,,
1875,,,,,,,,,
1876,,,,,,,,,
1877,,,,,,,,,
1878,,,,,,,,,
1879,,,,,,,,,
1880,,,,,,,,,
1881,,,,,,,,,
1882,,,,,,,,,
1883,,,,,,,,,
1884,,,,,,,,,
1885,,,,,,,,,
1886,,,,,,,,,
1887,,,,,,,,,
1888,,,,,,,,,
1889,,,,,,,,,
1890,,,,,,,,,
1891,,,,,,,,,
1892,,,,,,,,,
1893,,,,,,,,,
1894,,,,,,,,,
1895,,,,,,,,,
1896,,,,,,,,,
1897,,,,,,,,,
1898,,,,,,,,,
1899,,,,,,,,,
1900,,,,,,,,,
1901,,,,,,,,,
1902,,,,,,,,,
1903,,,,,,,,,
1904,,,,,,,,,
1905,,,,,,,,,
1906,,,,,,,,,
1907,,,,,,,,,
1908,,,,,,,,,
1909,,,,,,,,,
1910,,,,,,,,,
1911,,,,,,,,,
1912,,,,,,,,,
1913,,,,,,,,,
1914,,,,,,,,,
1915,,,,,,,,,
1916,,,,,,,,,
1917,,,,,,,,,
1918,,,,,,,,,
1919,,,,,,,,,
1920,,,,,,,,,
1921,,,,,,,,,
1922,,,,,,,,,
1923,,,,,,,,,
1924,,,,,,,,,
1925,,,,,,,,,
1926,,,,,,,,,
1927,,,,,,,,,
1928,,,,,,,,,
1929,,,,,,,,,
1930,,,,,,,,,
1931,,,,,,,,,
1932,,,,,,,,,
1933,,,,,,,,,
1934,,,,,,,,,
1935,,,,,,,,,
1936,,,,,,,,,
1937,,,,,,,,,
1938,,,,,,,,,
1939,,,,,,,,,
1940,,,,,,,,,
1941,,,,,,,,,
1942,,,,,,,,,
1943,,,,,,,,,
1944,,,,,,,,,
1945,,,,,,,,,
1946,,,,,,,,,
1947,,,,,,,,,
1948,,,,,,,,,
1949,,,,,,,,,
1950,,,,,,,,,
1951,,,,,,,,,
1952,,,,,,,,,
1953,,,,,,,,,
1954,,,,,,,,,
1955,,,,,,,,,
1956,,,,,,,,,
1957,,,,,,,,,
1958,,,,,,,,,
1959,,,,,,,,,
1960,,,,,,,,,
1961,,,,,,,,,
1962,,,,,,,,,
1963,,,,,,,,,
1964,,,,,,,,,
1965,,,,,,,,,
1966,,,,,,,,,
1967,,,,,,,,,
1968,,,,,,,,,
1969,,,,,,,,,
1970,,,,,,,,,
1971,,,,,,,,,
1972,,,,,,,,,
1973,,,,,,,,,
1974,,,,,,,,,
1975,,,,,,,,,
1976,,,,,,,,,
1977,,,,,,,,,
1978,,,,,,,,,
1979,,,,,,,,,
1980,,,,,,,,,
1981,,,,,,,,,
1982,,,,,,,,,
1983,,,,,,,,,
1984,,,,,,,,,
1985,,,,,,,,,
1986,,,,,,,,,
1987,,,,,,,,,
1988,,,,,,,,,
1989,,,,,,,,,
1990,,,,,,,,,
1991,,,,,,,,,
1992,,,,,,,,,
1993,,,,,,,,,
1994,,,,,,,,,
1995,,,,,,,,,
1996,,,,,,,,,
1997,,,,,,,,,
1998,,,,,,,,,
1999,,,,,,,,,
2000,,,,,,,,,
2001,,,,,,,,,
2002,,,,,,,,,
2003,,,,,,,,,
2004,,,,,,,,,
2005,,,,,,,,,
2006,,,,,,,,,
2007,,,,,,,,,
2008,,,,,,,,,
2009,,,,,,,,,
2010,,,,,,,,,
2011,,,,,,,,,
2012,,,,,,,,,
2013,,,,,,,,,
2014,,,,,,,,,
2015,,,,,,,,,
2016,,,,,,,,,
2017,,,,,,,,,
2018,,,,,,,,,
2019,,,,,,,,,
2020,,,,,,,,,
2021,,,,,,,,,
2022,,,,,,,,,
2023,,,,,,,,,
2024,,,,,,,,,
2025,,,,,,,,,
2026,,,,,,,,,
2027,,,,,,,,,
2028,,,,,,,,,
2029,,,,,,,,,
2030,,,,,,,,,
2031,,,,,,,,,
2032,,,,,,,,,
2033,,,,,,,,,
2034,,,,,,,,,
2035,,,,,,,,,
2036,,,,,,,,,
2037,,,,,,,,,
2038,,,,,,,,,
2039,,,,,,,,,
2040,,,,,,,,,
2041,,,,,,,,,
2042,,,,,,,,,
2043,,,,,,,,,
2044,,,,,,,,,
2045,,,,,,,,,
2046,,,,,,,,,
2047,,,,,,,,,
2048,,,,,,,,,
2049,,,,,,,,,
2050,,,,,,,,,
2051,,,,,,,,,
2052,,,,,,,,,
2053,,,,,,,,,
2054,,,,,,,,,
2055,,,,,,,,,
2056,,,,,,,,,
2057,,,,,,,,,
2058,,,,,,,,,
2059,,,,,,,,,
2060,,,,,,,,,
2061,,,,,,,,,
2062,,,,,,,,,
2063,,,,,,,,,
2064,,,,,,,,,
2065,,,,,,,,,
2066,,,,,,,,,
2067,,,,,,,,,
2068,,,,,,,,,
2069,,,,,,,,,
2070,,,,,,,,,
2071,,,,,,,,,
2072,,,,,,,,,
2073,,,,,,,,,
2074,,,,,,,,,
2075,,,,,,,,,
2076,,,,,,,,,
2077,,,,,,,,,
2078,,,,,,,,,
2079,,,,,,,,,
2080,,,,,,,,,
2081,,,,,,,,,
2082,,,,,,,,,
2083,,,,,,,,,
2084,,,,,,,,,
2085,,,,,,,,,
2086,,,,,,,,,
2087,,,,,,,,,
2088,,,,,,,,,
2089,,,,,,,,,
2090,,,,,,,,,
2091,,,,,,,,,
2092,,,,,,,,,
2093,,,,,,,,,
2094,,,,,,,,,
2095,,,,,,,,,
2096,,,,,,,,,
2097,,,,,,,,,
2098,,,,,,,,,
2099,,,,,,,,,
2100,,,,,,,,,
2101,,,,,,,,,
2102,,,,,,,,,
2103,,,,,,,,,
2104,,,,,,,,,
2105,,,,,,,,,
2106,,,,,,,,,
2107,,,,,,,,,
2108,,,,,,,,,
2109,,,,,,,,,
2110,,,,,,,,,
2111,,,,,,,,,
2112,,,,,,,,,
2113,,,,,,,,,
2114,,,,,,,,,
2115,,,,,,,,,
2116,,,,,,,,,
2117,,,,,,,,,
2118,,,,,,,,,
2119,,,,,,,,,
2120,,,,,,,,,
2121,,,,,,,,,
2122,,,,,,,,,
2123,,,,,,,,,
2124,,,,,,,,,
2125,,,,,,,,,
2126,,,,,,,,,
2127,,,,,,,,,
2128,,,,,,,,,
2129,,,,,,,,,
2130,,,,,,,,,
2131,,,,,,,,,
2132,,,,,,,,,
2133,,,,,,,,,
2134,,,,,,,,,
2285,,,,,,,,,
2286,,,,,,,,,
2287,,,,,,,,,
2288,,,,,,,,,
2289,,,,,,,,,
2290,,,,,,,,,
2291,,,,,,,,,
2292,,,,,,,,,
2293,,,,,,,,,
2294,,,,,,,,,
2295,,,,,,,,,
2296,,,,,,,,,
2297,,,,,,,,,
2298,,,,,,,,,
2299,,,,,,,,,
2300,,,,,,,,,
2301,,,,,,,,,
2302,,,,,,,,,
2303,,,,,,,,,
2304,,,,,,,,,
2305,,,,,,,,,
2306,,,,,,,,,
2307,,,,,,,,,
2308,,,,,,,,,
2309,,,,,,,,,
2310,,,,,,,,,
2311,,,,,,,,,
2312,,,,,,,,,
2313,,,,,,,,,
2314,,,,,,,,,
2315,,,,,,,,,
2316,,,,,,,,,
2317,,,,,,,,,
2318,,,,,,,,,
2319,,,,,,,,,
2320,,,,,,,,,
2321,,,,,,,,,
2322,,,,,,,,,
2323,,,,,,,,,
2324,,,,,,,,,
2325,,,,,,,,,
2326,,,,,,,,,
2327,,,,,,,,,
2328,,,,,,,,,
2329,,,,,,,,,
2330,,,,,,,,,
2331,,,,,,,,,
2332,,,,,,,,,
2333,,,,,,,,,
2334,,,,,,,,,
2335,,,,,,,,,
2336,,,,,,,,,
2337,,,,,,,,,
2338,,,,,,,,,
2339,,,,,,,,,
2340,,,,,,,,,
2341,,,,,,,,,
2342,,,,,,,,,
2343,,,,,,,,,
2344,,,,,,,,,
2345,,,,,,,,,
2346,,,,,,,,,
2347,,,,,,,,,
2348,,,,,,,,,
2349,,,,,,,,,
2350,,,,,,,,,
2351,,,,,,,,,
2352,,,,,,,,,
2353,,,,,,,,,
2354,,,,,,,,,
2355,,,,,,,,,
2356,,,,,,,,,
2357,,,,,,,,,
2358,,,,,,,,,
2359,,,,,,,,,
2360,,,,,,,,,
2361,,,,,,,,,
2362,,,,,,,,,
2363,,,,,,,,,
2364,,,,,,,,,
2365,,,,,,,,,
2366,,,,,,,,,
2367,,,,,,,,,
2368,,,,,,,,,
2369,,,,,,,,,
2370,,,,,,,,,
2371,,,,,,,,,
2372,,,,,,,,,
2373,,,,,,,,,
2374,,,,,,,,,
2375,,,,,,,,,
2376,,,,,,,,,
2377,,,,,,,,,
2378,,,,,,,,,
2379,,,,,,,,,
2380,,,,,,,,,
2381,,,,,,,,,
2382,,,,,,,,,
2383,,,,,,,,,
2384,,,,,,,,,
2385,,,,,,,,,
2386,,,,,,,,,
2387,,,,,,,,,
2388,,,,,,,,,
2389,,,,,,,,,
2390,,,,,,,,,
2391,,,,,,,,,
2392,,,,,,,,,
2393,,,,,,,,,
2394,,,,,,,,,
2395,,,,,,,,,
2396,,,,,,,,,
2397,,,,,,,,,
2398,,,,,,,,,
2399,,,,,,,,,
2400,,,,,,,,,
2401,,,,,,,,,
2402,,,,,,,,,
2403,,,,,,,,,
2404,,,,,,,,,
2405,,,,,,,,,
2406,,,,,,,,,
2407,,,,,,,,,
2408,,,,,,,,,
2409,,,,,,,,,
2410,,,,,,,,,
2411,,,,,,,,,
2412,,,,,,,,,
2413,,,,,,,,,
2414,,,,,,,,,
2415,,,,,,,,,
2416,,,,,,,,,
2417,,,,,,,,,
2418,,,,,,,,,
2419,,,,,,,,,
2420,,,,,,,,,
2421,,,,,,,,,
2422,,,,,,,,,
2423,,,,,,,,,
2424,,,,,,,,,
2425,,,,,,,,,
2426,,,,,,,,,
2427,,,,,,,,,
2428,,,,,,,,,
2429,,,,,,,,,
2430,,,,,,,,,
2431,,,,,,,,,
2432,,,,,,,,,
2433,,,,,,,,,
2434,,,,,,,,,
2435,,,,,,,,,
2436,,,,,,,,,
2437,,,,,,,,,
2438,,,,,,,,,
2439,,,,,,,,,
2440,,,,,,,,,
2441,,,,,,,,,
2442,,,,,,,,,
2443,,,,,,,,,
2444,,,,,,,,,
2445,,,,,,,,,
2446,,,,,,,,,
2447,,,,,,,,,
2448,,,,,,,,,
2449,,,,,,,,,
2450,,,,,,,,,
2451,,,,,,,,,
2452,,,,,,,,,
2453,,,,,,,,,
2454,,,,,,,,,
2455,,,,,,,,,
2456,,,,,,,,,
2457,,,,,,,,,
2458,,,,,,,,,
2459,,,,,,,,,
2460,,,,,,,,,
2461,,,,,,,,,
2462,,,,,,,,,
2463,,,,,,,,,
2464,,,,,,,,,
2465,,,,,,,,,
2466,,,,,,,,,
2467,,,,,,,,,
2468,,,,,,,,,
2469,,,,,,,,,
2470,,,,,,,,,
2471,,,,,,,,,
2472,,,,,,,,,
2473,,,,,,,,,
2474,,,,,,,,,
2475,,,,,,,,,
2476,,,,,,,,,
2477,,,,,,,,,
2478,,,,,,,,,
2479,,,,,,,,,
2480,,,,,,,,,
2481,,,,,,,,,
2482,,,,,,,,,
2483,,,,,,,,,
2484,,,,,,,,,
2485,,,,,,,,,
2486,,,,,,,,,
2487,,,,,,,,,
2488,,,,,,,,,
2489,,,,,,,,,
2490,,,,,,,,,
2491,,,,,,,,,
2492,,,,,,,,,
2493,,,,,,,,,
2494,,,,,,,,,
2495,,,,,,,,,
2496,,,,,,,,,
2497,,,,,,,,,
2498,,,,,,,,,
2499,,,,,,,,,
2500,,,,,,,,,
2501,,,,,,,,,
2502,,,,,,,,,
2503,,,,,,,,,
2504,,,,,,,,,
2505,,,,,,,,,
2506,,,,,,,,,
2507,,,,,,,,,
2508,,,,,,,,,
2509,,,,,,,,,
2510,,,,,,,,,
2511,,,,,,,,,
2512,,,,,,,,,
2513,,,,,,,,,
2514,,,,,,,,,
2515,,,,,,,,,
2516,,,,,,,,,
2517,,,,,,,,,
2518,,,,,,,,,
2519,,,,,,,,,
2520,,,,,,,,,
2521,,,,,,,,,
2522,,,,,,,,,
2523,,,,,,,,,
2524,,,,,,,,,
2525,,,,,,,,,
2526,,,,,,,,,
2527,,,,,,,,,
2528,,,,,,,,,
2529,,,,,,,,,
2530,,,,,,,,,
2531,,,,,,,,,
2532,,,,,,,,,
2533,,,,,,,,,
2534,,,,,,,,,
2535,,,,,,,,,
2536,,,,,,,,,
2537,,,,,,,,,
2538,,,,,,,,,
2539,,,,,,,,,
2540,,,,,,,,,
2541,,,,,,,,,
2542,,,,,,,,,
2543,,,,,,,,,
2544,,,,,,,,,
2545,,,,,,,,,
2546,,,,,,,,,
2547,,,,,,,,,
2548,,,,,,,,,
2549,,,,,,,,,
2550,,,,,,,,,
2551,,,,,,,,,
2552,,,,,,,,,
2553,,,,,,,,,
2554,,,,,,,,,
2555,,,,,,,,,
2556,,,,,,,,,
2557,,,,,,,,,
2558,,,,,,,,,
2559,,,,,,,,,
2560,,,,,,,,,
2561,,,,,,,,,
2562,,,,,,,,,
2563,,,,,,,,,
2564,,,,,,,,,
2565,,,,,,,,,
2566,,,,,,,,,
2567,,,,,,,,,
2568,,,,,,,,,
2569,,,,,,,,,
2570,,,,,,,,,
2571,,,,,,,,,
2572,,,,,,,,,
2573,,,,,,,,,
2574,,,,,,,,,
2575,,,,,,,,,
2576,,,,,,,,,
2577,,,,,,,,,
2578,,,,,,,,,
2579,,,,,,,,,
2580,,,,,,,,,
2581,,,,,,,,,
2582,,,,,,,,,
2583,,,,,,,,,
2584,,,,,,,,,
2585,,,,,,,,,
2586,,,,,,,,,
2587,,,,,,,,,
2588,,,,,,,,,
2589,,,,,,,,,
2590,,,,,,,,,
2591,,,,,,,,,
2592,,,,,,,,,
2593,,,,,,,,,
2594,,,,,,,,,
2595,,,,,,,,,
2596,,,,,,,,,
2597,,,,,,,,,
2598,,,,,,,,,
2599,,,,,,,,,
2600,,,,,,,,,
2601,,,,,,,,,
2602,,,,,,,,,
2603,,,,,,,,,
2604,,,,,,,,,
2605,,,,,,,,,
2606,,,,,,,,,
2607,,,,,,,,,
2608,,,,,,,,,
2609,,,,,,,,,
2610,,,,,,,,,
2611,,,,,,,,,
2612,,,,,,,,,
2613,,,,,,,,,
2614,,,,,,,,,
2615,,,,,,,,,
2616,,,,,,,,,
2617,,,,,,,,,
2618,,,,,,,,,
2619,,,,,,,,,
2620,,,,,,,,,
2621,,,,,,,,,
2622,,,,,,,,,
2623,,,,,,,,,
2624,,,,,,,,,
2625,,,,,,,,,
2626,,,,,,,,,
2627,,,,,,,,,
2628,,,,,,,,,
2629,,,,,,,,,
2630,,,,,,,,,
2631,,,,,,,,,
2632,,,,,,,,,
2633,,,,,,,,,
2634,,,,,,,,,
2635,,,,,,,,,
2636,,,,,,,,,
2637,,,,,,,,,
2638,,,,,,,,,
2639,,,,,,,,,
2640,,,,,,,,,
2641,,,,,,,,,
2642,,,,,,,,,
2643,,,,,,,,,
2920,,,,,,,,,
2921,,,,,,,,,
2922,,,,,,,,,
2923,,,,,,,,,
2924,,,,,,,,,
2925,,,,,,,,,
2926,,,,,,,,,
2927,,,,,,,,,
2928,,,,,,,,,
2929,,,,,,,,,
2930,,,,,,,,,
2931,,,,,,,,,
2932,,,,,,,,,
2933,,,,,,,,,
2934,,,,,,,,,
2935,,,,,,,,,
2936,,,,,,,,,
2937,,,,,,,,,
2938,,,,,,,,,
2939,,,,,,,,,
2940,,,,,,,,,
2941,,,,,,,,,
2942,,,,,,,,,
2943,,,,,,,,,
2944,,,,,,,,,
2945,,,,,,,,,
2946,,,,,,,,,
2947,,,,,,,,,
2948,,,,,,,,,
2949,,,,,,,,,
2950,,,,,,,,,
2951,,,,,,,,,
2952,,,,,,,,,
2953,,,,,,,,,
2954,,,,,,,,,
2955,,,,,,,,,
2956,,,,,,,,,
2957,,,,,,,,,
2958,,,,,,,,,
2959,,,,,,,,,
2960,,,,,,,,,
2961,,,,,,,,,
2962,,,,,,,,,
2963,,,,,,,,,
2964,,,,,,,,,
2965,,,,,,,,,
2966,,,,,,,,,
2967,,,,,,,,,
2968,,,,,,,,,
2969,,,,,,,,,
2970,,,,,,,,,
2971,,,,,,,,,
2972,,,,,,,,,
2973,,,,,,,,,
2974,,,,,,,,,
2975,,,,,,,,,
2976,,,,,,,,,
2977,,,,,,,,,
2978,,,,,,,,,
2979,,,,,,,,,
2980,,,,,,,,,
2981,,,,,,,,,
2982,,,,,,,,,
2983,,,,,,,,,
2984,,,,,,,,,
2985,,,,,,,,,
2986,,,,,,,,,
2987,,,,,,,,,
2988,,,,,,,,,
2989,,,,,,,,,
2990,,,,,,,,,
2991,,,,,,,,,
2992,,,,,,,,,
2993,,,,,,,,,
2994,,,,,,,,,
2995,,,,,,,,,
2996,,,,,,,,,
2997,,,,,,,,,
2998,,,,,,,,,
2999,,,,,,,,,
3000,,,,,,,,,
3001,,,,,,,,,
3002,,,,,,,,,
3003,,,,,,,,,
3004,,,,,,,,,
3005,,,,,,,,,
3006,,,,,,,,,
3007,,,,,,,,,
3008,,,,,,,,,
3009,,,,,,,,,
3010,,,,,,,,,
3011,,,,,,,,,
3012,,,,,,,,,
3013,,,,,,,,,
3014,,,,,,,,,
3015,,,,,,,,,
3016,,,,,,,,,
3017,,,,,,,,,
3018,,,,,,,,,
3019,,,,,,,,,
3020,,,,,,,,,
3021,,,,,,,,,
3022,,,,,,,,,
3023,,,,,,,,,
3024,,,,,,,,,
3025,,,,,,,,,
3026,,,,,,,,,
3027,,,,,,,,,
3028,,,,,,,,,
3029,,,,,,,,,
3030,,,,,,,,,
3031,,,,,,,,,
3032,,,,,,,,,
3033,,,,,,,,,
3034,,,,,,,,,
3035,,,,,,,,,
3036,,,,,,,,,
3037,,,,,,,,,
3038,,,,,,,,,
3039,,,,,,,,,
3040,,,,,,,,,
3041,,,,,,,,,
3042,,,,,,,,,
3043,,,,,,,,,
3044,,,,,,,,,
3045,,,,,,,,,
3046,,,,,,,,,
3047,,,,,,,,,
3048,,,,,,,,,
3049,,,,,,,,,
3050,,,,,,,,,
3051,,,,,,,,,
3052,,,,,,,,,
3053,,,,,,,,,
3054,,,,,,,,,
3055,,,,,,,,,
3056,,,,,,,,,
3057,,,,,,,,,
3058,,,,,,,,,
3059,,,,,,,,,
3060,,,,,,,,,
3061,,,,,,,,,
3062,,,,,,,,,
3063,,,,,,,,,
3064,,,,,,,,,
3065,,,,,,,,,
3066,,,,,,,,,
3067,,,,,,,,,
3068,,,,,,,,,
3069,,,,,,,,,
3070,,,,,,,,,
3071,,,,,,,,,
3072,,,,,,,,,
3073,,,,,,,,,
3074,,,,,,,,,
3075,,,,,,,,,
3076,,,,,,,,,
3077,,,,,,,,,
3078,,,,,,,,,
3079,,,,,,,,,
3080,,,,,,,,,
3081,,,,,,,,,
3082,,,,,,,,,
3083,,,,,,,,,
3084,,,,,,,,,
3085,,,,,,,,,
3086,,,,,,,,,
3087,,,,,,,,,
3088,,,,,,,,,
3089,,,,,,,,,
3090,,,,,,,,,
3091,,,,,,,,,
3092,,,,,,,,,
3093,,,,,,,,,
3094,,,,,,,,,
3095,,,,,,,,,
3096,,,,,,,,,
3097,,,,,,,,,
3098,,,,,,,,,
3099,,,,,,,,,
3100,,,,,,,,,
3101,,,,,,,,,
3102,,,,,,,,,
3103,,,,,,,,,
3104,,,,,,,,,
3105,,,,,,,,,
3106,,,,,,,,,
3107,,,,,,,,,
3108,,,,,,,,,
3109,,,,,,,,,
3110,,,,,,,,,
3111,,,,,,,,,
3112,,,,,,,,,
3113,,,,,,,,,
3114,,,,,,,,,
3115,,,,,,,,,
3116,,,,,,,,,
3117,,,,,,,,,
3118,,,,,,,,,
3119,,,,,,,,,
3120,,,,,,,,,
3121,,,,,,,,,
3122,,,,,,,,,
3123,,,,,,,,,
3124,,,,,,,,,
3125,,,,,,,,,
3126,,,,,,,,,
3127,,,,,,,,,
3128,,,,,,,,,
3129,,,,,,,,,
3130,,,,,,,,,
3131,,,,,,,,,
3132,,,,,,,,,
3133,,,,,,,,,
3134,,,,,,,,,
3135,,,,,,,,,
3136,,,,,,,,,
3137,,,,,,,,,
3138,,,,,,,,,
3139,,,,,,,,,
